geoid,carea,cperim,dperim_0.5,dpperim_0.5,dperim_pro_0.5,dpperim_pro_0.5,darea_0.5,dparea_0.5,darea_pro_0.5,dparea_pro_0.5,dperim_0.1,dpperim_0.1,dperim_pro_0.1,dpperim_pro_0.1,darea_0.1,dparea_0.1,darea_pro_0.1,dparea_pro_0.1
4709,1303.6017743491095,247.43884019257672,31,135971,27.43316971412966,117221.99245055794,180,683929,176.43316971412966,665179.9924505579,42,211409,30.638104002513877,139662.47216336685,191,759367,179.63810400251387,687620.4721633667
4705,3303.4321348411127,318.46912505194194,33,155892,31.450979705331495,147069.5894713529,178,707664,176.45097970533152,698841.5894713528,34,159752,31.641381839744653,147804.54171018768,179,711524,176.6413818397447,699576.5417101877
4704,15770.587050315227,921.7879085010754,62,282167,59.49981237650215,271919.946131166,143,688585,140.49981237650212,678337.9461311662,69,322375,61.60409560256983,284241.835457344,150,728793,142.60409560256983,690659.8354573442
4708,18089.08062312572,845.9891614582834,41,189280,37.466498130284066,165486.791569693,174,726221,170.46649813028412,702427.7915696931,54,255658,40.697537458083694,183001.33529768218,187,792599,173.69753745808376,719942.3352976823
4703,12162.196212075536,912.1150581621033,57,260579,54.36259171292147,249098.3539771721,162,710974,159.3625917129215,699493.3539771723,61,276403,55.04632965582162,251877.58707712466,166,726798,160.04632965582164,702272.5870771249
4702,6301.456218877043,646.2452094815387,40,155287,38.76662398074251,151153.4793782221,172,700907,170.76662398074254,696773.479378222,51,208446,41.18536111216199,161066.5022120425,183,754066,173.18536111216204,706686.5022120426
4706,17095.657074450857,805.925774089835,47,230143,46.211363731228914,226705.3915105162,162,702146,161.2113637312289,698708.3915105162,52,255382,47.266763351641735,232053.14416630985,167,727385,162.2667633516417,704056.1441663099
4701,10936.496581900003,669.5886886127342,47,205737,45.40316747068468,198323.9758407379,159,706103,157.4031674706847,698689.9758407379,47,205737,45.40316747068468,198323.9758407379,159,706103,157.4031674706847,698689.9758407379
4707,24131.585640197023,997.3607102810627,64,290342,61.76886301049865,279010.5566189653,167,719576,164.76886301049876,708244.5566189653,67,299154,62.58641104593103,281273.96040465264,170,728388,165.58641104593113,710507.9604046528
