geoid,carea,cperim,dperim_0.5,dpperim_0.5,dperim_pro_0.5,dpperim_pro_0.5,darea_0.5,dparea_0.5,darea_pro_0.5,dparea_pro_0.5,dperim_0.1,dpperim_0.1,dperim_pro_0.1,dpperim_pro_0.1,darea_0.1,dparea_0.1,darea_pro_0.1,dparea_pro_0.1
4901,53822.27155705355,1452.294585534747,38,51956,36.80243233321234,49501.482873526795,432,689723,430.8024323332123,687268.4828735269,40,55192,37.38656915895406,50452.13354212924,434,692959,431.386569158954,688219.1335421293
4904,6946.214921747166,516.3051344093117,63,99673,53.21809089782132,85289.81717037101,321,580446,311.2180908978213,566062.817170371,100,167983,64.28345288425544,106760.50125873472,358,648756,322.28345288425544,587533.5012587346
4902,106605.63661777347,1746.8125351777946,67,128861,60.43992275566269,114391.53960608692,464,776889,457.4399227556626,762419.5396060871,78,148328,63.37208229718663,119266.38272185947,475,796356,460.3720822971866,767294.3827218597
4903,52415.737526425044,1620.1692834527835,59,91366,52.14830535866767,80685.77952559071,473,716827,466.14830535866764,706146.7795255907,83,123170,59.23938615059269,90451.19828350862,497,748631,473.23938615059257,715912.1982835085
