geoid,carea,cperim,dperim_0.5,dpperim_0.5,dperim_pro_0.5,dpperim_pro_0.5,darea_0.5,dparea_0.5,darea_pro_0.5,dparea_pro_0.5,dperim_0.1,dpperim_0.1,dperim_pro_0.1,dpperim_pro_0.1,darea_0.1,dparea_0.1,darea_pro_0.1,dparea_pro_0.1
2804,21137.630693298375,845.62913080938,65,93149,61.082856490743296,88954.54464418055,498,726812,494.08285649074315,722617.5446441806,84,112208,66.62358607177407,95381.75828732748,517,745871,499.62358607177396,729044.7582873275
2802,41401.16201644872,1515.2994480033508,86,119822,81.78217710644167,112654.17962591353,605,747115,600.7821771064417,739947.1796259134,95,132474,83.62373971486029,115304.90107282449,614,759767,602.6237397148602,742597.9010728245
2801,27797.855184276646,982.6160560099491,80,127513,78.4450256514675,125371.1108653764,492,743166,490.4450256514675,741024.1108653761,82,129681,78.72628243822415,125676.7178419077,494,745334,490.72628243822425,741329.7178419074
2803,33360.143357907386,1442.7136875771698,110,143139,105.60376022664992,137738.19097225365,551,735522,546.60376022665,730121.1909722536,127,167439,110.26627627583369,145536.86037882563,568,759822,551.2662762758338,737919.8603788256
