geoid,carea,cperim,dperim_0.5,dpperim_0.5,dperim_pro_0.5,dpperim_pro_0.5,darea_0.5,dparea_0.5,darea_pro_0.5,dparea_pro_0.5,dperim_0.1,dpperim_0.1,dperim_pro_0.1,dpperim_pro_0.1,darea_0.1,dparea_0.1,darea_pro_0.1,dparea_pro_0.1
5000,24961.349277769397,801.0750941405532,48,168721,47.058028726512404,165148.51045506672,184,625741,183.05802872651245,622168.5104550666,48,168721,47.058028726512404,165148.51045506672,184,625741,183.05802872651245,622168.5104550666
