geoid,carea,cperim,dperim_0.5,dpperim_0.5,dperim_pro_0.5,dpperim_pro_0.5,darea_0.5,dparea_0.5,darea_pro_0.5,dparea_pro_0.5,dperim_0.1,dpperim_0.1,dperim_pro_0.1,dpperim_pro_0.1,darea_0.1,dparea_0.1,darea_pro_0.1,dparea_pro_0.1
0901,1822.5380207361986,304.2515268363248,53,232845,48.35971473110986,213962.82743512688,185,738184,180.35971473110985,719301.8274351269,73,313968,54.04977614133579,237932.15055589087,205,819307,186.04977614133574,743271.150555891
0905,3262.087807007131,385.3957130312203,67,283284,60.304805747187984,254592.42897023287,167,686196,160.30480574718797,657504.4289702328,83,358493,64.47234982902518,274548.7448097322,183,761405,164.47234982902515,677460.7448097321
0903,1288.6976892237913,224.72592238505126,47,234998,39.89016428866986,202423.6707729281,152,711487,144.89016428866984,678912.670772928,62,300968,43.79465312003183,219447.5850951527,167,777457,148.7946531200318,695936.5850951526
0902,5307.815108469128,366.6750307682171,45,210391,40.137241412486965,189105.94650752476,156,716677,151.1372414124869,695391.9465075247,51,230929,41.42960285101717,194008.14408753935,162,737215,152.4296028510171,700294.1440875392
0904,1241.5159290497256,219.5792858773652,44,200736,39.01638058985216,179993.3631240975,164,708337,159.01638058985216,687594.3631240977,51,224732,40.79711555500203,185481.45254938808,171,732333,160.79711555500202,693082.4525493882
