geoid,carea,cperim,dperim_0.5,dpperim_0.5,dperim_pro_0.5,dpperim_pro_0.5,darea_0.5,dparea_0.5,darea_pro_0.5,dparea_pro_0.5,dperim_0.1,dpperim_0.1,dperim_pro_0.1,dpperim_pro_0.1,darea_0.1,dparea_0.1,darea_pro_0.1,dparea_pro_0.1
5501,4608.007991213802,326.80140569518966,50,241573,42.44446240097433,207996.83472321674,155,721676,147.4444624009743,688099.834723217,60,289337,45.56271862350552,222307.58658561375,165,769440,150.56271862350548,702410.586585614
5504,313.99950946609164,115.82501491810196,45,167491,38.012811432081584,142670.62538642957,221,664382,214.01281143208158,639561.6253864294,53,187190,41.08955240640948,150803.9002088015,229,684081,217.08955240640944,647694.9002088013
5506,13462.274769847952,816.0725989183621,74,332861,68.46830061314309,309949.3293378784,161,698569,155.46830061314304,675657.3293378783,79,353640,69.95349168005703,316171.596455302,166,719348,156.95349168005703,681879.5964553021
5508,18202.754152980975,1080.0754029683758,48,205294,44.74328480660534,192559.6374456688,161,687916,157.74328480660535,675181.6374456687,55,230383,47.16398480474055,201802.25081082896,168,713005,160.16398480474052,684424.2508108289
5505,5095.043731755289,382.7287066274929,49,200308,45.97580111331912,187700.11773177836,177,732267,173.97580111331914,719659.1177317783,68,281532,51.359252469425016,210011.28341247884,196,813491,179.359252469425,741970.2834124789
5507,62180.92349748742,1657.7096913783273,57,225662,54.664968303129484,216869.30751343863,185,703152,182.66496830312946,694359.3075134386,71,293360,58.05134522822311,232557.64706188027,199,770850,186.05134522822306,710047.6470618803
5503,29531.24936407256,1360.3581284679065,65,273959,60.8227346373348,254629.47037653747,161,718896,156.82273463733475,699566.4703765376,68,286089,61.54676533310916,257677.0819179286,164,731026,157.5467653331091,702614.0819179288
5502,11942.280400944925,536.6105609660465,26,114052,25.105616463729117,108866.18975587525,159,713485,158.1056164637291,708299.1897558754,32,142572,26.46579024907793,116034.80941300013,165,742005,159.46579024907788,715467.8094130002
