geoid,carea,cperim,dperim_0.5,dpperim_0.5,dperim_pro_0.5,dpperim_pro_0.5,darea_0.5,dparea_0.5,darea_pro_0.5,dparea_pro_0.5,dperim_0.1,dpperim_0.1,dperim_pro_0.1,dpperim_pro_0.1,darea_0.1,dparea_0.1,darea_pro_0.1,dparea_pro_0.1
2502,4462.1850440454855,371.2997452314842,40,206465,38.93003780385029,201278.70916494064,159,721383,157.9300378038503,716196.7091649406,50,251232,41.05809743777006,210653.23682074642,169,766150,160.05809743777004,725571.2368207464
2504,1837.035060540729,295.3728893469825,60,328665,54.74335835985298,302021.2520994187,137,703641,131.74335835985295,676997.2520994191,72,388155,58.0431410254961,318716.9874169571,149,763131,135.0431410254961,693692.9874169573
2505,743.4429238047129,161.25310540533252,48,242966,43.26593668681215,218228.02321535881,144,696626,139.26593668681215,671888.0232153588,69,324151,49.50154574847538,242011.47760307541,165,777811,145.5015457484754,695671.4776030756
2503,2085.510897659667,283.7587219537845,42,216433,38.627782046287734,199461.36430012085,160,746957,156.6277820462877,729985.3643001209,50,256370,40.66068788737204,208774.4275699631,168,786894,158.66068788737198,739298.427569963
2501,6180.601709222336,459.232887749359,46,197131,43.92428381680542,186922.31453445583,174,729379,171.92428381680543,719170.314534456,46,197131,43.92428381680542,186922.31453445583,174,729379,171.92428381680543,719170.314534456
2509,3506.410025024435,808.9703038132808,91,370248,81.43488025038762,333484.74397076975,168,699530,158.43488025038764,662766.7439707699,103,425686,85.29678696087853,352873.3719908153,180,754968,162.29678696087853,682155.3719908155
2508,829.8318438259303,247.8027026917313,52,230290,45.82705142729059,200145.09419627232,132,588789,125.82705142729061,558644.0941962723,86,391359,55.531537178651284,245892.58997090865,166,749858,135.53153717865123,604391.5899709086
2506,1410.4086614591945,237.1272044562634,55,272653,48.29719956781381,239753.6223698789,140,681853,133.29719956781386,648953.622369879,67,335201,51.78147473391788,258243.73696928905,152,744401,136.78147473391795,667443.7369692894
2507,231.27459956492027,111.64201449641901,64,264829,52.832899491792936,219141.63195108468,241,912281,229.8328994917929,866593.6319510846,85,347084,57.5798638486014,238497.27278887754,262,994536,234.57986384860132,885949.2727888775
