geoid,carea,cperim,dperim_0.5,dpperim_0.5,dperim_pro_0.5,dpperim_pro_0.5,darea_0.5,dparea_0.5,darea_pro_0.5,dparea_pro_0.5,dperim_0.1,dpperim_0.1,dperim_pro_0.1,dpperim_pro_0.1,darea_0.1,dparea_0.1,darea_pro_0.1,dparea_pro_0.1
0406,1598.3256254988669,181.96489596261037,26,97504,20.341422208636164,76757.35633167136,178,728033,172.34142220863617,707286.3563316711,42,169096,25.144867273688345,97485.77824715676,194,799625,177.1448672736884,728014.7782471568
0402,20435.79616940004,676.3277390616967,37,163616,34.71313976271417,153491.4740567395,178,706736,175.71313976271404,696611.4740567398,47,201888,38.40132653052337,167320.86617109465,188,745008,179.40132653052325,710440.8661710949
0403,40476.24427226575,1289.9883394438596,57,247237,51.5408070475201,219962.15331023769,153,652630,147.5408070475201,625355.1533102379,74,329562,57.376684784248276,249118.06093488078,170,734955,153.37668478424825,654511.060934881
0409,449.0243305005264,130.74350236424064,37,140159,32.49921583161633,123518.38867308566,169,670183,164.4992158316163,653542.3886730853,59,216296,38.37138605014897,143127.97936057154,191,746320,170.3713860501489,673151.9793605712
0404,86736.82335693315,2484.9610104557046,60,264616,55.57677539811983,248453.31600400253,156,707223,151.57677539811988,691060.3160040027,73,334319,59.4700474345141,267688.0351767497,169,776926,155.47004743451419,710295.0351767498
0407,531.8878288558273,97.03974651541299,37,149902,32.396187197163904,133479.91282141543,169,717177,164.39618719716393,700754.9128214153,46,190852,34.86273711374127,144397.6508411457,178,758127,166.8627371137413,711672.6508411457
0401,142795.8571342416,2552.1820936284594,52,197188,48.166691632447765,181840.62777697388,174,722757,170.1666916324478,707409.6277769739,61,239321,50.78886255845276,194745.44664559737,183,764890,172.7888625584528,720314.4466455973
0405,801.7820114630463,119.35843249541263,22,87665,20.42728239594286,80978.08650196483,186,766754,184.42728239594285,760067.086501965,24,94861,21.31339718529621,84171.18335475455,188,773950,185.3133971852962,763260.1833547547
0408,1414.0077808879773,221.83027197287572,27,134363,22.38973064472609,109499.41233963937,157,692256,152.38973064472611,667392.4123396394,44,206315,27.110883229307923,130211.71713719424,174,764208,157.11088322930794,688104.7171371942
