geoid,carea,cperim,dperim_0.5,dpperim_0.5,dperim_pro_0.5,dpperim_pro_0.5,darea_0.5,dparea_0.5,darea_pro_0.5,dparea_pro_0.5,dperim_0.1,dpperim_0.1,dperim_pro_0.1,dpperim_pro_0.1,darea_0.1,dparea_0.1,darea_pro_0.1,dparea_pro_0.1
2702,6572.321444490596,466.0618779570851,60,96616,56.73297937286999,92494.09364827565,378,657311,374.7329793728699,653189.0936482758,73,113584,60.47993944714021,97438.21376247876,391,674279,378.47993944714017,658133.213762479
2706,7810.417358658115,612.7319989558064,86,164700,84.03239083927369,161848.29764844736,385,656474,383.0323908392737,653622.2976484472,95,180637,86.54489879598128,165797.78991228013,394,672411,385.5448987959813,657571.7899122799
2704,945.411378220575,132.983186754168,44,60380,39.94252860837888,55341.89798121112,496,667018,491.942528608379,661979.8979812112,60,78238,43.851187560940744,60046.74571467207,512,684876,495.85118756094084,666684.7457146724
2708,78050.52215700992,1640.830409692875,90,115230,84.87804432576294,109098.38507792728,577,658526,571.8780443257629,652394.3850779269,100,125598,87.88279187298033,112414.4975912158,587,668894,574.8827918729801,655710.4975912155
2701,31526.78884737607,1079.0483916846156,72,78043,70.56480612403102,76160.07387657768,549,664852,547.564806124031,662969.0738765778,73,78731,70.81957824870548,76335.35709835372,550,665540,547.8195782487054,663144.3570983537
2705,352.17229308794145,86.37871996436162,42,48651,35.695297603530996,40664.94117700413,587,621401,580.6952976035311,613414.9411770042,72,83286,44.20583540217878,50547.59807833783,617,656036,589.205835402179,623297.5980783378
2703,1526.0327707511797,210.76130503341022,84,122208,73.00908877191512,108387.14489132668,512,705926,501.0090887719154,692105.1448913269,108,151775,79.23512626797525,116370.04135107,536,735493,507.23512626797555,700088.04135107
2707,91678.63496224383,1882.7067042510366,118,124689,115.00020567782751,120146.94801469,614,663718,611.0002056778272,659175.9480146902,124,132855,116.5826045150998,122548.71269096436,620,671884,612.5826045150995,661577.7126909645
