geoid,carea,cperim,dperim_0.5,dpperim_0.5,dperim_pro_0.5,dpperim_pro_0.5,darea_0.5,dparea_0.5,darea_pro_0.5,dparea_pro_0.5,dperim_0.1,dpperim_0.1,dperim_pro_0.1,dpperim_pro_0.1,darea_0.1,dparea_0.1,darea_pro_0.1,dparea_pro_0.1
3501,11959.106856710543,697.2306554931232,39,68186,35.45115869944289,60967.30429995971,457,686795,453.45115869944294,679576.3042999596,51,94562,38.640596756475325,67977.52518986227,469,713171,456.6405967564753,686586.5251898624
3502,186266.43238740487,2329.683431467217,58,91763,55.27369797432593,87920.42729991638,501,691986,498.27369797432596,688143.4272999165,66,103656,57.19164604577193,90795.87742432852,509,703879,500.19164604577196,691018.8774243286
3503,116747.572867067,1900.4122625129974,70,106504,66.9059701057259,99331.58397132502,491,680398,487.905970105726,673225.583971325,80,125150,69.7573047155011,105042.9216719289,501,699044,490.7573047155012,678936.9216719288
