geoid,carea,cperim,dperim_0.5,dpperim_0.5,dperim_pro_0.5,dpperim_pro_0.5,darea_0.5,dparea_0.5,darea_pro_0.5,dparea_pro_0.5,dperim_0.1,dpperim_0.1,dperim_pro_0.1,dpperim_pro_0.1,darea_0.1,dparea_0.1,darea_pro_0.1,dparea_pro_0.1
2804,21137.630693298375,845.62913080938,38,203998,34.11165901430935,186710.71061306738,145,728558,141.11165901430937,711270.7106130673,46,223084,36.67473303183831,192983.37723504342,153,747644,143.67473303183834,717543.3772350431
2802,41401.16201644872,1515.2994480033508,51,231388,48.489620496956505,219461.87951105332,192,750433,189.4896204969565,738506.8795110531,55,247434,49.73155136893865,224031.3006550325,196,766479,190.73155136893865,743076.3006550323
2803,33360.143357907386,1442.7136875771698,58,287941,54.7707376962315,272879.52695933357,158,738450,154.7707376962315,723388.5269593339,63,315229,56.53520154726717,282027.2044464351,163,765738,156.53520154726715,732536.2044464354
2801,27797.855184276646,982.6160560099491,47,228478,46.89859750657948,227994.05371608518,160,738676,159.89859750657945,738192.053716085,49,243322,47.61568002757866,233287.14222637503,162,753520,160.61568002757863,743485.1422263749
