geoid,carea,cperim,dperim_0.5,dpperim_0.5,dperim_pro_0.5,dpperim_pro_0.5,darea_0.5,dparea_0.5,darea_pro_0.5,dparea_pro_0.5,dperim_0.1,dpperim_0.1,dperim_pro_0.1,dpperim_pro_0.1,darea_0.1,dparea_0.1,darea_pro_0.1,dparea_pro_0.1
1198,173.24107078761432,60.80586633706819,54,76044,52.028666161977895,73371.84119617978,450,601723,448.0286661619779,599050.8411961796,54,76044,52.028666161977895,73371.84119617978,450,601723,448.0286661619779,599050.8411961796
