geoid,carea,cperim,dperim_0.5,dpperim_0.5,dperim_pro_0.5,dpperim_pro_0.5,darea_0.5,dparea_0.5,darea_pro_0.5,dparea_pro_0.5,dperim_0.1,dpperim_0.1,dperim_pro_0.1,dpperim_pro_0.1,darea_0.1,dparea_0.1,darea_pro_0.1,dparea_pro_0.1
2204,33292.66769260669,1296.0530446052571,94,121373,90.4088599770245,116106.41211282182,594,756927,590.4088599770247,751660.412112822,104,135153,92.71451099900841,119329.05889402216,604,770707,592.7145109990086,754883.0588940223
2201,15172.818371045989,1696.0028322568446,101,142788,88.67753907539353,125947.07445286425,543,753058,530.6775390753938,736217.0744528644,137,193226,99.44488284538417,141006.02571892255,579,803496,541.4448828453843,751276.0257189227
2206,11371.35716807642,1112.8138431852365,103,165474,90.40158113833225,145975.09117687488,421,733921,408.40158113833246,714422.0911768744,146,240598,101.8225890054481,166051.81442027623,464,809045,419.8225890054484,734498.8144202759
2203,20258.75241304699,954.3213914426082,44,64645,42.24464227375893,62800.63912713644,521,751727,519.244642273759,749882.6391271364,50,73355,44.11556260514598,65355.29543300659,527,760437,521.115562605146,752437.2954330065
2202,3911.917934053658,658.1224114923631,110,155963,93.6906254109279,130583.01351646916,805,777505,788.690625410928,752125.0135164689,158,225448,107.27978368368606,150744.84600369446,853,846990,802.2797836836866,772286.8460036938
2205,38435.622347161596,1742.8095504937767,113,166913,107.54451660181383,158061.21921075447,572,756580,566.5445166018137,747728.2192107545,127,186499,111.29399309663742,163127.7784915556,586,776166,570.2939930966375,752794.7784915557
