geoid,carea,cperim,dperim_0.5,dpperim_0.5,dperim_pro_0.5,dpperim_pro_0.5,darea_0.5,dparea_0.5,darea_pro_0.5,dparea_pro_0.5,dperim_0.1,dpperim_0.1,dperim_pro_0.1,dpperim_pro_0.1,darea_0.1,dparea_0.1,darea_pro_0.1,dparea_pro_0.1
2405,4206.285887289867,423.20473478579333,108,190806,92.01931056702267,164051.92028342935,397,717560,381.01931056702267,690805.9202834289,139,252571,101.38550015100995,182766.65218130656,428,779325,390.3855001510099,709520.6521813063
2408,2316.6379279752423,440.12820714028027,100,150656,86.80803652282339,130840.45142016289,563,800578,549.8080365228233,780762.4514201628,137,214184,97.00742290267885,147893.96034197492,600,864106,560.0074229026785,797815.9603419749
2402,1066.1507491368966,359.6684889512077,135,215089,114.6829934308648,181982.8651087992,504,758025,483.68299343086517,724918.8651087986,179,276778,126.98845057757396,199055.48522245095,548,819714,495.9884505775743,741991.4852224505
2404,803.793633636821,243.7016735649363,96,174192,81.17983643348046,145695.44181028602,436,721328,421.17983643348066,692831.4418102863,147,266899,96.35156673421343,172907.06441024787,487,814035,436.3515667342136,720043.0644102482
2401,11459.098110542358,1328.5057670999763,144,202682,127.4620693471073,180583.06116025013,494,718857,477.46206934710733,696758.0611602507,169,238899,135.64620914506378,191936.09518997264,519,755074,485.6462091450638,708111.095189973
2403,752.0788071824608,404.0783908868148,179,279235,149.61320133892917,233242.48826007545,382,577431,352.6132013389293,531438.4882600753,264,405912,174.40510432372815,270091.6346958211,467,704108,377.40510432372804,568287.634695821
2407,1340.9935067105707,308.7747031191411,99,136504,84.9502222581455,119265.0452444393,694,785049,679.9502222581455,767810.045244439,153,213767,100.54554085973868,141668.12359832454,748,862312,695.5455408597385,790213.123598324
2406,5126.1411984123615,716.803229329368,105,162197,95.65686588441481,146113.70744923313,434,687226,424.656865884415,671142.7074492329,130,201245,102.89034862361984,157375.38949427113,459,726274,431.89034862362,682404.389494271
