geoid,carea,cperim,dperim_0.5,dpperim_0.5,dperim_pro_0.5,dpperim_pro_0.5,darea_0.5,dparea_0.5,darea_pro_0.5,dparea_pro_0.5,dperim_0.1,dpperim_0.1,dperim_pro_0.1,dpperim_pro_0.1,darea_0.1,dparea_0.1,darea_pro_0.1,dparea_pro_0.1
0502,13165.659603374204,693.3216802240312,49,81986,47.70748946280526,79250.49489085385,493,727184,491.70748946280526,724448.4948908538,51,84779,48.305041143053536,80239.66896570103,495,729977,492.3050411430535,725437.668965701
0501,51217.37592442236,1920.1681560431587,107,131654,104.27217212237166,128338.64039177923,606,730176,603.2721721223717,726860.6403917796,115,143871,106.3284874239349,130731.17382883318,614,742393,605.3284874239349,729253.1738288336
0504,58855.23045999325,1424.1690821289735,94,124933,90.72876893526791,121109.2503303904,593,721206,589.7287689352679,717382.2503303906,107,146956,95.15913333226888,128968.39596910313,606,743229,594.1591333322688,725241.3959691034
0503,14381.80653129666,1014.6471307576244,77,128764,71.72674810090302,120110.81756363943,455,737352,449.726748100903,728698.8175636393,85,139598,73.75369635274537,122752.8425498813,463,748186,451.7536963527454,731340.8425498811
