geoid,carea,cperim,dperim_0.5,dpperim_0.5,dperim_pro_0.5,dpperim_pro_0.5,darea_0.5,dparea_0.5,darea_pro_0.5,dparea_pro_0.5,dperim_0.1,dpperim_0.1,dperim_pro_0.1,dpperim_pro_0.1,darea_0.1,dparea_0.1,darea_pro_0.1,dparea_pro_0.1
1501,550.144993537918,146.20195508325236,44,167741,38.29118386305603,151244.9655043994,172,666023,166.29118386305606,649526.9655043995,52,189976,40.85140937335513,157255.43542235382,180,688258,168.85140937335515,655537.4354223539
1502,16154.139957278428,1423.5641842560608,90,433517,78.25504194684875,377442.6722230297,140,655419,128.25504194684873,599344.6722230301,98,463518,80.73005454760526,386628.010803548,148,685420,130.73005454760525,608530.0108035483
