geoid,carea,cperim,dperim_0.5,dpperim_0.5,dperim_pro_0.5,dpperim_pro_0.5,darea_0.5,dparea_0.5,darea_pro_0.5,dparea_pro_0.5,dperim_0.1,dpperim_0.1,dperim_pro_0.1,dpperim_pro_0.1,darea_0.1,dparea_0.1,darea_pro_0.1,dparea_pro_0.1
1501,550.144993537918,146.20195508325236,57,92783,51.35273911827529,85084.64725394745,406,662528,400.35273911827534,654829.6472539471,74,111721,56.73859751540809,91216.7821145358,423,681466,405.73859751540806,660961.7821145355
1502,16154.139957278428,1423.5641842560608,144,201819,121.94841795578783,171977.9639117318,392,638475,369.94841795578776,608633.963911732,177,241766,131.60182735696986,182932.62538484967,425,678422,379.6018273569699,619588.6253848498
