geoid,carea,cperim,dperim_0.5,dpperim_0.5,dperim_pro_0.5,dpperim_pro_0.5,darea_0.5,dparea_0.5,darea_pro_0.5,dparea_pro_0.5,dperim_0.1,dpperim_0.1,dperim_pro_0.1,dpperim_pro_0.1,darea_0.1,dparea_0.1,darea_pro_0.1,dparea_pro_0.1
3000,381138.6734176076,2938.7186536196605,46,108144,45.87909449719007,107865.06096663958,271,989415,270.87909449718995,989136.0609666397,46,108144,45.87909449719007,107865.06096663958,271,989415,270.87909449718995,989136.0609666397
