geoid,carea,cperim,dperim_0.5,dpperim_0.5,dperim_pro_0.5,dpperim_pro_0.5,darea_0.5,dparea_0.5,darea_pro_0.5,dparea_pro_0.5,dperim_0.1,dpperim_0.1,dperim_pro_0.1,dpperim_pro_0.1,darea_0.1,dparea_0.1,darea_pro_0.1,dparea_pro_0.1
4101,7989.211461702239,545.5276875343429,44,197171,41.05494754873994,185815.64024381494,156,771372,153.05494754873996,760016.6402438151,50,222721,43.00319904215571,193196.9790407878,162,796922,155.00319904215576,767397.9790407879
4102,181892.31471271339,1998.0887030848141,45,178738,44.457389174428855,176054.06918306949,166,762549,165.45738917442887,759865.0691830693,47,187995,45.016694345593926,178641.07060349506,168,771806,166.01669434559395,762452.0706034949
4104,45091.87265893658,1055.4526330435422,34,144301,32.144044077368946,136367.42471966418,172,771365,170.14404407736887,763431.4247196643,35,149099,32.38914151603907,137543.40223040344,173,776163,170.389141516039,764607.4022304035
4105,13602.644801677123,964.7258302854196,54,231371,49.988121935868605,214247.98228695494,158,761215,153.98812193586863,744091.9822869549,64,277808,52.48167818292838,225542.48325806626,168,807652,156.48167818292842,755386.4832580661
4103,2864.958513480983,307.2049967774198,26,120078,22.509423285329973,105107.24007012023,174,761447,170.50942328532997,746476.2400701202,37,168636,25.903089281498666,119902.01592335777,185,810005,173.9030892814987,761271.0159233576
