geoid,carea,cperim,dperim_0.5,dpperim_0.5,dperim_pro_0.5,dpperim_pro_0.5,darea_0.5,dparea_0.5,darea_pro_0.5,dparea_pro_0.5,dperim_0.1,dpperim_0.1,dperim_pro_0.1,dpperim_pro_0.1,darea_0.1,dparea_0.1,darea_pro_0.1,dparea_pro_0.1
5000,24961.349277769397,801.0750941405532,71,82730,68.78493168251406,80075.95487366735,519,623252,516.7849316825141,620597.9548736673,73,84485,69.57915710936024,80780.51630216777,521,625007,517.5791571093603,621302.5163021679
