geoid,carea,cperim,dperim_0.5,dpperim_0.5,dperim_pro_0.5,dpperim_pro_0.5,darea_0.5,dparea_0.5,darea_pro_0.5,dparea_pro_0.5,dperim_0.1,dpperim_0.1,dperim_pro_0.1,dpperim_pro_0.1,darea_0.1,dparea_0.1,darea_pro_0.1,dparea_pro_0.1
2106,11144.6919388189,692.3063427127112,52,73772,48.791672537691916,68884.38380457863,517,727055,513.791672537692,722167.3838045786,57,81855,49.92518568047294,70583.75462571472,522,735138,514.925185680473,723866.7546257146
2104,11765.501343291384,902.2212419739335,111,157448,103.91774242845568,145373.5002773035,476,711359,468.9177424284556,699284.5002773034,135,191814,109.38700163087975,153448.86805635368,500,745725,474.3870016308797,707359.8680563534
2103,862.8906498414455,140.88831371035815,27,48528,23.719034938390763,42643.95905350651,558,713682,554.7190349383908,707797.9590535065,37,65248,26.781558475805685,47952.20038874305,568,730402,557.7815584758059,713106.2003887431
2101,32521.44169962699,1635.9452872907436,119,136524,116.76764982292394,133979.2084998354,595,722765,592.7676498229241,720220.208499835,125,145425,117.91703091378571,135603.0256865363,601,731666,593.917030913786,721844.0256865359
2105,29463.46246818168,1019.2790984178973,90,105629,86.79486206540489,101830.18853433676,608,722327,604.794862065405,718528.1885343367,97,115521,88.56118008533463,104258.3872155673,615,732219,606.5611800853347,720956.3872155673
2102,18947.8193709678,1172.4178526846738,96,130754,90.99762062985548,123627.91759314915,509,720951,503.99762062985536,713824.9175931489,111,157237,94.6854168321241,131021.65808478941,524,747434,507.68541683212396,721218.6580847892
