geoid,carea,cperim,dperim_0.5,dpperim_0.5,dperim_pro_0.5,dpperim_pro_0.5,darea_0.5,dparea_0.5,darea_pro_0.5,dparea_pro_0.5,dperim_0.1,dpperim_0.1,dperim_pro_0.1,dpperim_pro_0.1,darea_0.1,dparea_0.1,darea_pro_0.1,dparea_pro_0.1
5402,20774.82360310948,1432.0955342460602,123,164373,118.59966136602011,158726.99030545555,487,620862,482.59966136602014,615215.9903054559,123,164373,118.59966136602011,158726.99030545555,487,620862,482.59966136602014,615215.9903054559
5401,16452.758127182882,1057.0721533511767,119,137375,112.77885207244586,130306.73182829017,579,608713,572.7788520724458,601644.7318282906,127,145086,114.90033257246003,132350.35997428946,587,616424,574.90033257246,603688.3599742899
5403,25508.877698623433,1127.549338714375,103,122684,99.5185221130101,118762.38655664893,510,608503,506.51852211301,604581.3865566489,112,131473,101.73196104538069,120885.6681641945,519,617292,508.7319610453806,606704.6681641946
