geoid,carea,cperim,dperim_0.5,dpperim_0.5,dperim_pro_0.5,dpperim_pro_0.5,darea_0.5,dparea_0.5,darea_pro_0.5,dparea_pro_0.5,dperim_0.1,dpperim_0.1,dperim_pro_0.1,dpperim_pro_0.1,darea_0.1,dparea_0.1,darea_pro_0.1,dparea_pro_0.1
3103,175769.52911340512,2387.1214960423818,86,91174,85.5689791596787,90650.293864212,580,608895,579.5689791596785,608371.293864212,86,91174,85.5689791596787,90650.293864212,580,608895,579.5689791596785,608371.293864212
3101,23170.34629513287,902.146642409507,67,80532,65.35273655654979,78273.63134224867,479,604367,477.35273655654976,602108.6313422488,73,92672,66.46691721218221,80872.18274865422,485,616507,478.46691721218224,604707.1827486542
3102,1401.2809530306652,171.48711851903144,29,36713,27.013394067061423,33190.230043816686,574,613079,572.0133940670612,609556.2300438167,33,42668,27.619510777556993,34077.6852628242,578,619034,572.6195107775568,610443.6852628243
