geoid,carea,cperim,dperim_0.5,dpperim_0.5,dperim_pro_0.5,dpperim_pro_0.5,darea_0.5,dparea_0.5,darea_pro_0.5,dparea_pro_0.5,dperim_0.1,dpperim_0.1,dperim_pro_0.1,dpperim_pro_0.1,darea_0.1,dparea_0.1,darea_pro_0.1,dparea_pro_0.1
2904,38135.36065795911,1326.9206892349225,91,123303,88.61468511498093,120206.06125660377,534,748188,531.6146851149811,745091.0612566036,104,144382,91.47750924553,124824.09615431413,547,769267,534.4775092455302,749709.096154314
2906,47644.31521444091,1450.9655407201535,105,122591,97.25029035294193,110624.41187412995,605,750271,597.250290352942,738304.4118741299,123,150637,102.27719029064193,119391.72251193583,623,778317,602.2771902906419,747071.7225119359
2902,1275.7603490299086,195.47477878018037,68,121048,57.814429733142795,104232.52480404067,441,754699,430.8144297331427,737883.5248040407,111,192879,70.76925745370909,125353.24944739485,484,826530,443.76925745370914,759004.249447395
2903,18025.739865422955,863.8184233271459,116,203539,106.39533318442201,184098.9351494846,439,729610,429.3953331844222,710169.9351494845,142,243857,113.55812967585169,195631.7028397989,465,769928,436.55812967585183,721702.702839799
2908,52043.59348138315,1277.7812789575892,89,99647,86.1528457061583,96367.63624751272,635,753638,632.1528457061585,750358.6362475128,94,107408,87.02539169236266,97788.99296350106,640,761399,633.0253916923629,751779.992963501
2905,6253.015232001383,583.7636501351417,89,123063,81.55855366904466,110100.77573435915,644,746596,636.5585536690444,733633.7757343589,104,148397,86.71951199287582,118841.11021617324,659,771930,641.7195119928755,742374.1102161731
2907,16506.150258313257,647.2659000003248,47,65284,46.69227339375528,64854.67992256544,504,748683,503.69227339375533,748253.6799225656,49,67825,47.64405522863285,66084.44914921031,506,751224,504.64405522863285,749483.4491492105
2901,623.7285674990934,129.01854037830861,50,54771,41.03433237610774,44722.938037799206,704,757242,695.034332376108,747193.9380377992,68,79688,46.17704165235695,51855.39115009582,722,782159,700.1770416523573,754326.3911500957
