geoid,carea,cperim,dperim_0.5,dpperim_0.5,dperim_pro_0.5,dpperim_pro_0.5,darea_0.5,dparea_0.5,darea_pro_0.5,dparea_pro_0.5,dperim_0.1,dpperim_0.1,dperim_pro_0.1,dpperim_pro_0.1,darea_0.1,dparea_0.1,darea_pro_0.1,dparea_pro_0.1
3800,183145.41555759852,1777.5174040813545,52,158753,49.80722982566442,150594.31499488666,201,660469,198.80722982566448,652310.3149948866,54,167091,50.62609606131009,154087.18383880932,203,668807,199.6260960613102,655803.1838388094
