geoid,carea,cperim,dperim_0.5,dpperim_0.5,dperim_pro_0.5,dpperim_pro_0.5,darea_0.5,dparea_0.5,darea_pro_0.5,dparea_pro_0.5,dperim_0.1,dpperim_0.1,dperim_pro_0.1,dpperim_pro_0.1,darea_0.1,dparea_0.1,darea_pro_0.1,dparea_pro_0.1
0200,1529998.8779188755,27727.775205879963,48,149095,39.30054957839592,121756.89003047414,155,647777,146.30054957839593,620438.890030474,60,211549,43.10804023088039,140448.25060094584,167,710231,150.10804023088042,639130.2506009457
