geoid,carea,cperim,dperim_0.5,dpperim_0.5,dperim_pro_0.5,dpperim_pro_0.5,darea_0.5,dparea_0.5,darea_pro_0.5,dparea_pro_0.5,dperim_0.1,dpperim_0.1,dperim_pro_0.1,dpperim_pro_0.1,darea_0.1,dparea_0.1,darea_pro_0.1,dparea_pro_0.1
4502,8018.741832878077,601.9039240537148,88,145223,78.43505575003925,131554.21788189193,404,654407,394.43505575003917,640738.2178818919,114,189804,85.50589163331404,143453.30356829436,430,698988,401.505891633314,652637.3035682942
4505,14556.389385559603,794.2234367522384,90,162181,85.20989444814694,154734.21601889454,427,668487,422.20989444814694,661040.2160188945,109,190549,89.5123682245296,161044.82342191145,446,696855,426.51236822452955,667350.8234219115
4504,3431.744222477239,330.64827696805116,45,79878,42.87455559373552,74945.55172166557,406,653168,403.87455559373564,648235.5517216654,55,102707,46.30761789832769,83294.93709293456,416,675997,407.30761789832786,656584.9370929344
4503,14135.379157767566,611.2621310099017,68,108114,64.62135472637415,100538.22978607487,456,668618,452.621354726374,661042.2297860748,75,123177,66.67483508788082,104664.55408802156,463,683681,454.67483508788075,665168.5540880215
4507,14136.042526989453,690.6547324543053,70,88635,67.94875420395941,86275.46208002209,458,660781,455.94875420395937,658421.462080022,74,92163,69.34962652005122,87500.00696792536,462,664309,457.3496265200512,659646.0069679255
4501,4768.275631642265,762.5068995700609,88,141801,80.18811926763362,130781.8037842912,369,637665,361.1881192676335,626645.8037842911,116,185962,87.16526445320982,142109.80716561296,397,681826,368.1652644532098,637973.8071656129
4506,21615.288445968996,1361.8511987645159,149,221192,130.42459760228576,194092.35410243727,530,674948,511.4245976022856,647848.354102437,207,310701,144.58629012720561,215978.3479689059,588,764457,525.5862901272055,669734.3479689057
