geoid,carea,cperim,dperim_0.5,dpperim_0.5,dperim_pro_0.5,dpperim_pro_0.5,darea_0.5,dparea_0.5,darea_pro_0.5,dparea_pro_0.5,dperim_0.1,dpperim_0.1,dperim_pro_0.1,dpperim_pro_0.1,darea_0.1,dparea_0.1,darea_pro_0.1,dparea_pro_0.1
5600,253560.70889163762,2030.0261359650444,25,114619,24.993978752521034,114588.68497523745,132,563626,131.99397875252103,563595.6849752376,25,114619,24.993978752521034,114588.68497523745,132,563626,131.99397875252103,563595.6849752376
