geoid,carea,cperim,dperim_0.5,dpperim_0.5,dperim_pro_0.5,dpperim_pro_0.5,darea_0.5,dparea_0.5,darea_pro_0.5,dparea_pro_0.5,dperim_0.1,dpperim_0.1,dperim_pro_0.1,dpperim_pro_0.1,darea_0.1,dparea_0.1,darea_pro_0.1,dparea_pro_0.1
0200,1529998.8779188755,27727.775205879963,103,112494,85.90708901991994,93817.29157544926,506,672119,488.90708901991985,653442.2915754492,130,149309,93.77170866704371,104469.45179528794,533,708934,496.77170866704364,664094.4517952879
