geoid,carea,cperim,dperim_0.5,dpperim_0.5,dperim_pro_0.5,dpperim_pro_0.5,darea_0.5,dparea_0.5,darea_pro_0.5,dparea_pro_0.5,dperim_0.1,dpperim_0.1,dperim_pro_0.1,dpperim_pro_0.1,darea_0.1,dparea_0.1,darea_pro_0.1,dparea_pro_0.1
3203,7482.881347626516,430.6272780945177,26,53543,23.43629182777329,47770.349009780126,406,687299,403.43629182777323,681526.3490097801,38,75614,26.270497670877155,53195.01576657362,418,709370,406.27049767087715,686951.0157665736
3202,145837.14524594505,1738.4686821089233,31,32162,30.19561376923272,31278.667254632677,493,677011,492.1956137692328,676127.6672546329,32,33359,30.305564438385368,31410.2782056084,494,678208,492.30556443838543,676259.2782056087
3201,265.61240515115225,71.30911680723564,57,86568,52.67652773490701,80223.21896940113,497,653837,492.6765277349071,647492.2189694009,73,116222,58.02597233521024,90185.24692089201,513,683491,498.0259723352103,657454.2469208919
3204,132648.22314278156,1715.97300314781,58,89799,51.92843877345319,79734.87831142706,440,682404,433.9284387734531,672339.8783114271,69,106605,55.08960307694481,84140.7373875522,451,699210,437.0896030769446,676745.7373875522
