geoid,carea,cperim,dperim_0.5,dpperim_0.5,dperim_pro_0.5,dpperim_pro_0.5,darea_0.5,dparea_0.5,darea_pro_0.5,dparea_pro_0.5,dperim_0.1,dpperim_0.1,dperim_pro_0.1,dpperim_pro_0.1,darea_0.1,dparea_0.1,darea_pro_0.1,dparea_pro_0.1
3000,381138.6734176076,2938.7186536196605,56,56098,55.834179186946464,55936.23635833616,842,989415,841.8341791869464,989253.2363583362,56,56098,55.834179186946464,55936.23635833616,842,989415,841.8341791869464,989253.2363583362
