geoid,carea,cperim,dperim_0.5,dpperim_0.5,dperim_pro_0.5,dpperim_pro_0.5,darea_0.5,dparea_0.5,darea_pro_0.5,dparea_pro_0.5,dperim_0.1,dpperim_0.1,dperim_pro_0.1,dpperim_pro_0.1,darea_0.1,dparea_0.1,darea_pro_0.1,dparea_pro_0.1
0106,10944.086507097238,817.9775784678965,53,259253,48.811821389548754,238317.2424719796,145,670952,140.81182138954875,650016.2424719798,66,328347,53.093131442545214,260831.1733012767,158,740046,145.09313144254523,672530.173301277
0101,16100.778012712242,1181.7396893435541,46,212352,42.93151382470554,201164.24105656642,165,666616,161.9315138247054,655428.2410565666,51,234461,44.65586413265165,209417.20266397888,170,688725,163.65586413265152,663681.2026639791
0107,26623.9242216807,1308.697167255919,73,279958,66.57736880882355,250594.342412395,198,683347,191.5773688088235,653983.3424123948,94,374316,71.81054770088829,274327.34241135867,219,777705,196.81054770088826,677716.3424113586
0102,26619.732841162477,1067.2127517067188,50,180575,47.45460027313021,170842.75630810225,186,691230,183.45460027313024,681497.7563081024,58,213243,50.17032301750963,182590.83306824745,194,723898,186.17032301750965,693245.8330682475
0103,19984.437385660814,915.4271150229799,56,248672,52.57129047465139,232939.0913356941,166,683565,162.57129047465142,667832.0913356942,59,262761,53.53247852877447,237290.91926168688,169,697654,163.53247852877448,672183.9192616871
0105,9992.980745179542,629.7313003695588,35,177795,34.50410804823494,175409.07952368428,149,683019,148.504108048235,680633.0795236842,36,179752,34.718241474103216,175828.1386381085,150,684976,148.71824147410328,681052.1386381085
0104,23537.120094825954,1132.3151809071007,66,280385,63.400531867350274,270073.0744112434,168,689905,165.40053186735022,679593.074411243,70,300677,64.2581729101656,274513.27535526664,172,710197,166.25817291016557,684033.2753552663
