geoid,carea,cperim,dperim_0.5,dpperim_0.5,dperim_pro_0.5,dpperim_pro_0.5,darea_0.5,dparea_0.5,darea_pro_0.5,dparea_pro_0.5,dperim_0.1,dpperim_0.1,dperim_pro_0.1,dpperim_pro_0.1,darea_0.1,dparea_0.1,darea_pro_0.1,dparea_pro_0.1
4904,6946.214921747166,516.3051344093117,34,154436,28.133212809155907,128981.25397564516,113,584362,107.13321280915595,558907.2539756452,51,247939,33.36963985758236,157128.29412854795,130,677865,112.36963985758241,587054.2941285481
4902,106605.63661777347,1746.8125351777946,45,225406,41.41237676173037,205521.7060376093,163,786959,159.41237676173037,767074.7060376091,49,243026,42.80266237334887,211801.0638477993,167,804579,160.80266237334888,773354.0638477992
4901,53822.27155705355,1452.294585534747,24,97669,23.749803712972515,95969.46454546304,145,680128,144.7498037129725,678428.4645454629,26,106092,24.21523467101369,97954.01975300256,147,688551,145.21523467101366,680413.0197530023
4903,52415.737526425044,1620.1692834527835,37,166980,33.953077508443,152171.2943972295,167,712436,163.95307750844302,697627.2943972293,50,217551,37.69926273444587,167235.57599904138,180,763007,167.6992627344459,712691.5759990413
