geoid,carea,cperim,dperim_0.5,dpperim_0.5,dperim_pro_0.5,dpperim_pro_0.5,darea_0.5,dparea_0.5,darea_pro_0.5,dparea_pro_0.5,dperim_0.1,dpperim_0.1,dperim_pro_0.1,dpperim_pro_0.1,darea_0.1,dparea_0.1,darea_pro_0.1,dparea_pro_0.1
0801,513.2758531161443,162.01085980505752,67,109288,55.58763259958441,91206.49033609874,605,746561,593.5876325995843,728479.4903360985,104,164591,65.56484194246167,106570.81785349362,642,801864,603.5648419424616,743843.8178534934
0807,891.5667314457646,176.82061258780593,55,81357,45.943695000749024,67686.84364610186,499,726659,489.94369500074913,712988.8436461019,91,148200,56.93789582307126,86508.36213684855,535,793502,500.9378958230713,731810.3621368484
0805,18825.297636878997,706.8399363148172,32,46547,31.622831746318216,45953.51918709031,439,719205,438.62283174631824,718611.5191870905,33,48073,31.88551686652598,46354.37668052736,440,720731,438.885516866526,719012.3766805273
0802,19757.185771006203,873.5281571707419,71,120100,63.647471929466235,109142.3549128969,513,738921,505.6474719294661,727963.3549128969,88,147648,69.07533860977198,117964.72445862129,530,766469,511.0753386097717,736785.7244586213
0806,1157.0550927615086,263.75348828368925,60,104239,50.721821045405214,86600.09384027329,405,624323,395.7218210454053,606684.0938402732,88,153352,58.8735158548432,100405.98419801335,433,673436,403.8735158548433,620489.9841980132
0803,129326.28107753226,2007.5832635497861,54,66592,52.994057985779456,65100.9068535274,549,716550,547.9940579857794,715058.9068535275,58,73975,53.55441449123719,66184.06427794974,553,723933,548.5544144912371,716142.0642779497
0804,99137.13722428594,1749.6471066711852,80,132460,75.96496065983457,124217.46242070672,522,756977,517.9649606598346,748734.4624207066,90,150879,79.06873540875893,130118.10051537711,532,775396,521.0687354087589,754635.100515377
