geoid,carea,cperim,dperim_0.5,dpperim_0.5,dperim_pro_0.5,dpperim_pro_0.5,darea_0.5,dparea_0.5,darea_pro_0.5,dparea_pro_0.5,dperim_0.1,dpperim_0.1,dperim_pro_0.1,dpperim_pro_0.1,darea_0.1,dparea_0.1,darea_pro_0.1,dparea_pro_0.1
4003,89175.3496716967,1971.9838674940959,94,131066,93.6352947779568,130519.59608175262,594,748113,593.6352947779566,747566.5960817529,101,144213,95.27179893604654,133591.95381086043,601,761260,595.2717989360464,750638.9538108605
4002,56437.19055734144,1425.6413054259885,90,129517,88.3737697595897,126466.13031354982,602,752598,600.3737697595894,749547.1303135498,93,135741,89.13174827007695,128079.72860326974,605,758822,601.1317482700766,751160.7286032697
4005,5427.7982431904575,473.09207633942225,68,86395,66.05995155254114,84086.16313415577,685,748777,683.0599515525411,746468.1631341559,75,95453,68.56128032288986,87409.01164809967,692,757835,685.5612803228898,749791.0116480996
4004,25760.299692934837,990.9231554257271,70,98715,66.91331518690431,94620.75194659199,562,752127,558.9133151869045,748032.751946592,73,102032,67.33068795226119,95062.27633872777,565,755444,559.3306879522613,748474.2763387277
4001,4374.980993347156,469.70698187274786,54,83795,51.87280056491096,79567.04086046215,522,749736,519.8728005649111,745508.0408604622,59,92829,52.88206068281075,81533.0427804403,527,758770,520.8820606828109,747474.0427804403
