geoid,carea,cperim,dperim_0.5,dpperim_0.5,dperim_pro_0.5,dpperim_pro_0.5,darea_0.5,dparea_0.5,darea_pro_0.5,dparea_pro_0.5,dperim_0.1,dpperim_0.1,dperim_pro_0.1,dpperim_pro_0.1,darea_0.1,dparea_0.1,darea_pro_0.1,dparea_pro_0.1
5600,253560.70889163762,2030.0261359650444,36,51966,35.98745404959425,51947.09721822931,410,563626,409.98745404959425,563607.0972182293,36,51966,35.98745404959425,51947.09721822931,410,563626,409.98745404959425,563607.0972182293
