geoid,carea,cperim,dperim_0.5,dpperim_0.5,dperim_pro_0.5,dpperim_pro_0.5,darea_0.5,dparea_0.5,darea_pro_0.5,dparea_pro_0.5,dperim_0.1,dpperim_0.1,dperim_pro_0.1,dpperim_pro_0.1,darea_0.1,dparea_0.1,darea_pro_0.1,dparea_pro_0.1
1000,5240.99435054574,434.0044931601368,45,193682,42.7414103415837,186588.78139601124,214,897224,211.7414103415837,890130.7813960116,47,194392,43.324332829345664,186872.53628344234,216,897934,212.32433282934568,890414.5362834426
