geoid,carea,cperim,dperim_0.5,dpperim_0.5,dperim_pro_0.5,dpperim_pro_0.5,darea_0.5,dparea_0.5,darea_pro_0.5,dparea_pro_0.5,dperim_0.1,dpperim_0.1,dperim_pro_0.1,dpperim_pro_0.1,darea_0.1,dparea_0.1,darea_pro_0.1,dparea_pro_0.1
2004,37246.34673720371,1071.7724236170836,24,71891,23.985784369572617,71852.47240474295,182,712939,181.9857843695726,712900.472404743,25,73516,24.202976731781774,72205.40999333283,183,714564,182.20297673178175,713253.4099933328
2001,136658.74848478797,1995.3913236064286,46,134195,45.13632612956227,131787.11458945865,201,714684,200.13632612956224,712276.1145894588,46,134195,45.13632612956227,131787.11458945865,201,714684,200.13632612956224,712276.1145894588
2002,37103.38404179539,1077.9181816093942,55,209043,53.4461343213024,200887.87422133746,185,716596,183.4461343213024,708440.8742213375,58,217553,54.20438064369113,203221.51944241644,188,725106,184.20438064369114,710774.5194424164
2003,2005.263431715764,208.53814522708575,21,72645,20.051559619169947,71705.06153951907,202,708899,201.05155961916995,707959.0615395189,22,76769,20.387354903490923,73089.88129205877,203,713023,201.38735490349092,709343.8812920586
