geoid,carea,cperim,dperim_0.5,dpperim_0.5,dperim_pro_0.5,dpperim_pro_0.5,darea_0.5,dparea_0.5,darea_pro_0.5,dparea_pro_0.5,dperim_0.1,dpperim_0.1,dperim_pro_0.1,dpperim_pro_0.1,darea_0.1,dparea_0.1,darea_pro_0.1,dparea_pro_0.1
2302,75652.35467472872,2074.679593749,119,137576,109.5840684458268,126693.2531306695,549,652363,539.5840684458266,641480.2531306696,141,157568,116.11193906648731,132642.36649650274,571,672355,546.1119390664871,647429.366496503
2301,9306.451647300673,1009.1349174085373,123,147653,110.62353950266429,135598.6277521716,489,644976,476.6235395026641,632921.6277521717,151,167281,119.08479349318529,141776.75296638825,517,664604,485.08479349318515,639099.7529663884
