geoid,carea,cperim,dperim_0.5,dpperim_0.5,dperim_pro_0.5,dpperim_pro_0.5,darea_0.5,dparea_0.5,darea_pro_0.5,dparea_pro_0.5,dperim_0.1,dpperim_0.1,dperim_pro_0.1,dpperim_pro_0.1,darea_0.1,dparea_0.1,darea_pro_0.1,dparea_pro_0.1
0103,19984.437385660814,915.4271150229799,83,128774,78.46406615961713,120791.13373126116,464,681163,459.464066159617,673180.133731261,91,140509,80.3111419619273,123345.41394208862,472,692898,461.3111419619273,675734.4139420884
0102,26619.732841162477,1067.2127517067188,87,108620,82.33342249202401,103354.46598600621,531,693585,526.3334224920239,688319.4659860062,102,126022,86.08097317992254,107676.02519408103,546,710987,530.0809731799224,692641.025194081
0107,26623.9242216807,1308.697167255919,127,166011,114.66425534153858,149101.55090005326,613,686168,600.6642553415387,669258.5509000528,164,217599,124.74884740366468,163019.09806332758,650,737756,610.7488474036647,683176.098063327
0101,16100.778012712242,1181.7396893435541,72,102593,65.40294504583433,93856.38809697512,432,675726,425.40294504583443,666989.3880969748,80,113505,67.5978593861506,97266.46738424635,440,686638,427.5978593861507,670399.4673842461
0106,10944.086507097238,817.9775784678965,94,139737,86.02890425958351,127576.48243031713,421,670751,413.02890425958356,658590.4824303173,120,179538,93.40163980044382,140210.9088939326,447,710552,420.4016398004438,671224.9088939328
0104,23537.120094825954,1132.3151809071007,99,136219,95.48318309698053,131253.86054992618,544,681496,540.4831830969805,676530.8605499262,112,153254,98.00414328310838,134458.68467845905,557,698531,543.0041432831084,679735.684678459
0105,9992.980745179542,629.7313003695588,57,82257,55.683389234716934,80873.22505247992,426,683019,424.6833892347171,681635.2250524798,61,86051,56.42147050805355,81557.79719084744,430,686813,425.42147050805374,682319.7971908472
