geoid,carea,cperim,dperim_0.5,dpperim_0.5,dperim_pro_0.5,dpperim_pro_0.5,darea_0.5,dparea_0.5,darea_pro_0.5,dparea_pro_0.5,dperim_0.1,dpperim_0.1,dperim_pro_0.1,dpperim_pro_0.1,darea_0.1,dparea_0.1,darea_pro_0.1,dparea_pro_0.1
0805,18825.297636878997,706.8399363148172,20,86778,19.72770349193475,85782.73986616435,159,720865,158.72770349193476,719869.7398661643,21,92365,19.93231635892982,86925.91195406581,160,726452,158.93231635892985,721012.9119540657
0802,19757.185771006203,873.5281571707419,43,211071,40.5553458750294,199986.40235043364,181,730198,178.55534587502942,719113.4023504336,57,270824,45.03535852690363,219561.564712091,195,789951,183.03535852690368,738688.5647120911
0806,1157.0550927615086,263.75348828368925,38,166191,31.481207429725213,138542.9958711584,150,616303,143.48120742972517,588654.9958711582,53,244304,36.39185349947557,163370.39287368514,165,694416,148.39185349947556,613482.3928736849
0803,129326.28107753226,2007.5832635497861,40,132227,38.94153694420957,128300.45605815512,192,719669,190.94153694420956,715742.4560581552,41,133625,39.0563532845623,128460.96930196825,193,721067,191.0563532845623,715902.9693019682
0801,513.2758531161443,162.01085980505752,40,190196,32.742935308353715,154894.9565380027,186,761819,178.74293530835374,726517.9565380027,60,271613,38.12353322840577,176589.63139477707,206,843236,184.1235332284058,748212.6313947771
0804,99137.13722428594,1749.6471066711852,59,220764,56.417764720564975,208136.22129903827,205,758719,202.417764720565,746091.221299038,67,254992,58.5574363584088,217032.0024269924,213,792947,204.55743635840884,754987.002426992
0807,891.5667314457646,176.82061258780593,35,142123,29.78386422136535,118982.8681632036,176,721623,170.78386422136535,698482.8681632038,54,238713,34.995743623281435,145847.33924973875,195,818213,175.99574362328144,725347.339249739
