geoid,carea,cperim,dperim_0.5,dpperim_0.5,dperim_pro_0.5,dpperim_pro_0.5,darea_0.5,dparea_0.5,darea_pro_0.5,dparea_pro_0.5,dperim_0.1,dpperim_0.1,dperim_pro_0.1,dpperim_pro_0.1,darea_0.1,dparea_0.1,darea_pro_0.1,dparea_pro_0.1
3800,183145.41555759852,1777.5174040813545,76,94709,72.67637344640052,90563.42027440318,561,660961,557.6763734464007,656815.420274403,82,101432,74.68284736468415,92855.77396799737,567,667684,559.6828473646843,659107.7739679972
