geoid,carea,cperim,dperim_0.5,dpperim_0.5,dperim_pro_0.5,dpperim_pro_0.5,darea_0.5,dparea_0.5,darea_pro_0.5,dparea_pro_0.5,dperim_0.1,dpperim_0.1,dperim_pro_0.1,dpperim_pro_0.1,darea_0.1,dparea_0.1,darea_pro_0.1,dparea_pro_0.1
4600,199814.30208953898,2024.3264428130597,76,90375,75.40277692456363,89721.02236266527,654,814180,653.4027769245637,813526.0223626653,76,90375,75.40277692456363,89721.02236266527,654,814180,653.4027769245637,813526.0223626653
