geoid,carea,cperim,dperim_0.5,dpperim_0.5,dperim_pro_0.5,dpperim_pro_0.5,darea_0.5,dparea_0.5,darea_pro_0.5,dparea_pro_0.5,dperim_0.1,dpperim_0.1,dperim_pro_0.1,dpperim_pro_0.1,darea_0.1,dparea_0.1,darea_pro_0.1,dparea_pro_0.1
2706,7810.417358658115,612.7319989558064,51,286368,49.81011007161147,281389.2013829673,126,655917,124.81011007161146,650938.2013829671,53,296455,50.57722910302443,284872.7457315324,128,666004,125.57722910302441,654421.7457315322
2707,91678.63496224383,1882.7067042510366,71,234250,69.0216768773536,226170.56928690305,200,665340,198.02167687735357,657260.5692869033,74,248035,69.85040246938047,229611.21270408263,203,679125,198.85040246938044,660701.2127040828
2701,31526.78884737607,1079.0483916846156,39,156547,37.569881188970996,149370.02845975378,168,670616,166.56988118897098,663439.0284597538,39,156547,37.569881188970996,149370.02845975378,168,670616,166.56988118897098,663439.0284597538
2703,1526.0327707511797,210.76130503341022,49,234574,42.91905006301523,207312.94457153988,158,711458,151.91905006301522,684196.94457154,59,271412,45.892647225066945,218981.63969160774,168,748296,154.89264722506692,695865.6396916078
2702,6572.321444490596,466.0618779570851,37,172959,34.579160208056905,162996.38419681787,143,657833,140.57916020805692,647870.3841968179,46,213816,37.43427469455886,175787.63025613205,152,698690,143.43427469455884,660661.6302561321
2708,78050.52215700992,1640.830409692875,49,195579,45.37321362049699,183410.50482303207,181,659012,177.37321362049704,646843.504823032,55,213262,47.24445058548594,188251.99432543395,187,676695,179.24445058548596,651684.9943254337
2704,945.411378220575,132.983186754168,33,133970,30.367367774699392,124838.45161421952,173,667161,170.36736777469937,658029.4516142195,40,159034,32.21302433117063,131669.9662523704,180,692225,172.21302433117057,664860.9662523703
2705,352.17229308794145,86.37871996436162,21,80289,18.616254991174614,71706.12148923425,183,611250,180.6162549911746,602667.1214892343,39,153763,23.750600152104383,92964.24559516812,201,684724,185.75060015210437,623925.2455951682
