geoid,carea,cperim,dperim_0.5,dpperim_0.5,dperim_pro_0.5,dpperim_pro_0.5,darea_0.5,dparea_0.5,darea_pro_0.5,dparea_pro_0.5,dperim_0.1,dpperim_0.1,dperim_pro_0.1,dpperim_pro_0.1,darea_0.1,dparea_0.1,darea_pro_0.1,dparea_pro_0.1
0406,1598.3256254988669,181.96489596261037,39,51970,32.2981316831717,43170.96403341288,517,717921,510.29813168317173,709121.9640334129,69,94872,41.51967202196431,56711.98209650062,547,760823,519.5196720219642,722662.9820965005
0402,20435.79616940004,676.3277390616967,55,92463,50.00656432287428,84249.20271741509,503,710270,498.0065643228743,702056.2027174155,64,109566,53.205960016509664,90846.58559074966,512,727373,501.20596001650966,708653.5855907502
0401,142795.8571342416,2552.1820936284594,80,120720,73.81629580737402,110493.59594435824,485,726132,478.8162958073738,715905.5959443579,92,149906,77.06880921824515,119059.73392386829,497,755318,482.06880921824506,724471.7339238679
0409,449.0243305005264,130.74350236424064,59,90180,48.70498625906664,74931.19149821406,491,682658,480.7049862590666,667409.1914982143,89,126635,57.46956592315852,85546.20570445538,521,719113,489.46956592315837,678024.2057044555
0408,1414.0077808879773,221.83027197287572,40,80715,34.14607567188034,69882.71132586605,470,699561,464.1460756718803,688728.711325866,66,127161,41.59833119566015,82885.91326035414,496,746007,471.5983311956601,701731.9132603542
0407,531.8878288558273,97.03974651541299,57,85171,48.80200306729447,72174.22593615353,440,717791,431.80200306729444,704794.2259361533,74,110845,53.915330344767874,79632.88563084975,457,743465,436.91533034476777,712252.8856308495
0403,40476.24427226575,1289.9883394438596,77,139076,69.79491445887916,124294.28113839736,392,651321,384.7949144588792,636539.2811383973,110,194705,79.14851724661024,140559.02151579282,425,706950,394.1485172466103,652804.0215157926
0405,801.7820114630463,119.35843249541263,31,48002,28.141277519804085,43926.64644407574,460,763830,457.14127751980425,759754.6464440759,39,63857,31.023066632995988,49208.98475103872,468,779685,460.02306663299606,765036.9847510387
0404,86736.82335693315,2484.9610104557046,91,148320,83.61672008426713,135594.481762014,403,703291,395.61672008426723,690565.4817620142,114,186983,90.42510143768344,146503.77091203153,426,741954,402.42510143768345,701474.7709120318
