geoid,carea,cperim,dperim_0.5,dpperim_0.5,dperim_pro_0.5,dpperim_pro_0.5,darea_0.5,dparea_0.5,darea_pro_0.5,dparea_pro_0.5,dperim_0.1,dpperim_0.1,dperim_pro_0.1,dpperim_pro_0.1,darea_0.1,dparea_0.1,darea_pro_0.1,dparea_pro_0.1
2301,9306.451647300673,1009.1349174085373,65,282273,57.52894185017483,254020.7820371915,145,643777,137.52894185017485,615524.7820371917,72,307922,60.05020289095149,263355.55986472825,152,669426,140.05020289095154,624859.5598647285
2302,75652.35467472872,2074.679593749,64,221673,58.768541584686254,204663.05141343392,198,660391,192.76854158468618,643381.051413434,68,234587,59.5843960087019,207029.43717771932,202,673305,193.58439600870184,645747.4371777193
