geoid,carea,cperim,dperim_0.5,dpperim_0.5,dperim_pro_0.5,dpperim_pro_0.5,darea_0.5,dparea_0.5,darea_pro_0.5,dparea_pro_0.5,dperim_0.1,dpperim_0.1,dperim_pro_0.1,dpperim_pro_0.1,darea_0.1,dparea_0.1,darea_pro_0.1,dparea_pro_0.1
3101,23170.34629513287,902.146642409507,45,163290,44.480656059946604,161390.3139053585,160,600239,159.48065605994665,598339.3139053587,48,179268,45.21952331156418,165373.28287511645,163,616217,160.21952331156422,602322.2828751167
3102,1401.2809530306652,171.48711851903144,18,64473,16.6832595780883,59083.73914553017,181,617049,179.68325957808827,611659.7391455302,18,64473,16.6832595780883,59083.73914553017,181,617049,179.68325957808827,611659.7391455302
3103,175769.52911340512,2387.1214960423818,60,180997,59.86406790005001,180421.6588999644,191,609053,190.86406790005,608477.6588999645,60,180997,59.86406790005001,180421.6588999644,191,609053,190.86406790005,608477.6588999645
