geoid,carea,cperim,dperim_0.5,dpperim_0.5,dperim_pro_0.5,dpperim_pro_0.5,darea_0.5,dparea_0.5,darea_pro_0.5,dparea_pro_0.5,dperim_0.1,dpperim_0.1,dperim_pro_0.1,dpperim_pro_0.1,darea_0.1,dparea_0.1,darea_pro_0.1,dparea_pro_0.1
2406,5126.1411984123615,716.803229329368,59,277975,53.49716516170165,253026.1372246,156,683252,150.49716516170167,658303.1372246,77,359260,58.44412475588151,275545.3148438215,174,764537,155.44412475588152,680822.3148438216
2404,803.793633636821,243.7016735649363,60,274443,50.491795540229866,228089.39147963992,175,724937,165.49179554022984,678583.3914796399,85,411031,57.01073188645236,264777.74676974997,200,861525,172.01073188645233,715271.74676975
2407,1340.9935067105707,308.7747031191411,52,207881,44.436288994475454,178813.25867211205,222,777750,214.43628899447543,748682.258672112,82,325289,53.93872664562162,216898.25356458503,252,895158,223.93872664562159,786767.2535645848
2408,2316.6379279752423,440.12820714028027,64,278015,56.0714755756541,240282.66505652072,191,804838,183.07147557565415,767105.6650565206,88,376072,62.906190364060855,268669.7456776431,215,902895,189.90619036406088,795492.7456776429
2403,752.0788071824608,404.0783908868148,90,394811,75.04158877663117,331145.54003192653,129,561539,114.04158877663122,497873.54003192665,137,628249,88.88437469355594,400613.6379240461,176,794977,127.88437469355596,567341.6379240461
2402,1066.1507491368966,359.6684889512077,84,346971,71.87288975249254,294484.667923135,196,754319,183.8728897524925,701832.6679231351,114,453120,80.79637149354207,327141.1335396577,226,860468,192.79637149354207,734489.1335396578
2401,11459.098110542358,1328.5057670999763,81,351016,71.44702570066917,312427.0082181766,169,731108,159.44702570066926,692519.0082181764,92,395551,74.27155004817098,323534.5990532733,180,775643,162.27155004817104,703626.5990532731
2405,4206.285887289867,423.20473478579333,59,296142,51.32103605919181,254803.6509191434,152,725878,144.32103605919184,684539.6509191432,77,374598,56.1942561877467,277061.69819990365,170,804334,149.1942561877467,706797.6981999034
