geoid,carea,cperim,dperim_0.5,dpperim_0.5,dperim_pro_0.5,dpperim_pro_0.5,darea_0.5,dparea_0.5,darea_pro_0.5,dparea_pro_0.5,dperim_0.1,dpperim_0.1,dperim_pro_0.1,dpperim_pro_0.1,darea_0.1,dparea_0.1,darea_pro_0.1,dparea_pro_0.1
4507,14136.042526989453,690.6547324543053,41,156239,40.330706874487625,153724.01393088177,161,659006,160.33070687448765,656491.0139308817,44,167115,40.89102996741699,155803.43840215524,164,669882,160.891029967417,658570.4384021552
4505,14556.389385559603,794.2234367522384,55,280256,51.45784810616793,265006.26874242845,152,679072,148.45784810616786,663822.2687424286,59,298703,52.47506516899444,269851.12337567756,156,697519,149.47506516899435,668667.1233756777
4503,14135.379157767566,611.2621310099017,41,186293,38.9247016097276,174878.94656184825,148,671209,145.92470160972763,659794.9465618483,46,206895,40.50692970975474,181970.5981141346,153,691811,147.50692970975476,666886.5981141347
4501,4768.275631642265,762.5068995700609,57,247498,51.61161640706658,225727.70515474083,142,641362,136.6116164070666,619591.7051547408,72,302806,55.44365446718974,240626.7671275645,157,696670,140.44365446718976,634490.7671275645
4504,3431.744222477239,330.64827696805116,29,117716,27.6252386419246,110998.88644077664,162,648070,160.6252386419246,641352.8864407765,37,165332,29.725567393854522,122947.4208614576,170,695686,162.7255673938545,653301.4208614575
4502,8018.741832878077,601.9039240537148,56,243024,49.37043372881154,210369.86852210318,155,670878,148.37043372881155,638223.8685221032,67,290378,52.677999540126095,224790.49818537766,166,718232,151.67799954012608,652644.4981853777
4506,21615.288445968996,1361.8511987645159,79,324398,69.74439385931845,286557.93399848446,177,655767,167.74439385931842,617926.9339984846,116,484852,79.8490661854215,333494.4464222342,214,816221,177.84906618542146,664863.4464222344
