geoid,carea,cperim,dperim_0.5,dpperim_0.5,dperim_pro_0.5,dpperim_pro_0.5,darea_0.5,dparea_0.5,darea_pro_0.5,dparea_pro_0.5,dperim_0.1,dpperim_0.1,dperim_pro_0.1,dpperim_pro_0.1,darea_0.1,dparea_0.1,darea_pro_0.1,dparea_pro_0.1
4706,17095.657074450857,805.925774089835,83,147966,80.36183791094,144059.7535442751,419,705429,416.36183791094004,701522.7535442751,91,162233,81.67009654727974,146460.2236490539,427,719696,417.6700965472798,703923.2236490541
4702,6301.456218877043,646.2452094815387,63,106063,58.816288266182525,99954.21801734649,419,705981,414.8162882661825,699872.2180173461,80,135701,63.1279954830728,107056.84779374684,436,735619,419.12799548307277,706974.8477937466
4701,10936.496581900003,669.5886886127342,80,124034,76.26869501533051,117449.63956468971,463,706103,459.26869501533054,699518.6395646898,82,126899,76.86502719730646,118202.28575239441,465,708968,459.86502719730646,700271.2857523946
4703,12162.196212075536,912.1150581621033,96,145021,91.60273529197828,138956.00880752283,498,702795,493.6027352919783,696730.0088075228,105,158388,94.9165370717291,144080.12661462044,507,716162,496.9165370717291,701854.1266146203
4708,18089.08062312572,845.9891614582834,70,114057,64.74044049532033,101764.86377791197,479,714792,473.74044049532034,702499.8637779119,92,158380,71.24328911839409,114271.68824723196,501,759115,480.2432891183941,715006.6882472319
4707,24131.585640197023,997.3607102810627,98,174420,95.05584242839008,169660.59266084424,418,711199,415.0558424283901,706439.5926608443,108,190636,96.9548755980516,172400.2413553138,428,727415,416.9548755980516,709179.2413553139
4709,1303.6017743491095,247.43884019257672,46,81588,39.20272775914715,68689.8710764876,515,695358,508.20272775914714,682459.8710764876,62,122391,43.498831796899125,79843.80051159748,531,736161,512.4988317968989,693613.8005115977
4704,15770.587050315227,921.7879085010754,98,172470,92.0834467628172,161079.89659878242,397,703448,391.0834467628172,692057.8965987824,114,195382,95.12921269983177,165176.39895959457,413,726360,394.1292126998318,696154.3989595945
4705,3303.4321348411127,318.46912505194194,42,90056,40.388603502353185,86086.63260418936,517,701000,515.3886035023531,697030.6326041892,50,106077,42.6196333109019,90612.81612305203,525,717021,517.6196333109019,701556.8161230518
