geoid,carea,cperim,dperim_0.5,dpperim_0.5,dperim_pro_0.5,dpperim_pro_0.5,darea_0.5,dparea_0.5,darea_pro_0.5,dparea_pro_0.5,dperim_0.1,dpperim_0.1,dperim_pro_0.1,dpperim_pro_0.1,darea_0.1,dparea_0.1,darea_pro_0.1,dparea_pro_0.1
1198,173.24107078761432,60.80586633706819,35,125624,33.98492389801972,122578.29549555403,179,601723,177.98492389801976,598677.2954955539,35,125624,33.98492389801972,122578.29549555403,179,601723,177.98492389801976,598677.2954955539
