geoid,carea,cperim,dperim_0.5,dpperim_0.5,dperim_pro_0.5,dpperim_pro_0.5,darea_0.5,dparea_0.5,darea_pro_0.5,dparea_pro_0.5,dperim_0.1,dpperim_0.1,dperim_pro_0.1,dpperim_pro_0.1,darea_0.1,dparea_0.1,darea_pro_0.1,dparea_pro_0.1
4600,199814.30208953898,2024.3264428130597,50,173615,49.81293743633019,172965.09682124414,222,814180,221.81293743633015,813530.0968212441,50,173615,49.81293743633019,172965.09682124414,222,814180,221.81293743633015,813530.0968212441
