geoid,carea,cperim,dperim_0.5,dpperim_0.5,dperim_pro_0.5,dpperim_pro_0.5,darea_0.5,dparea_0.5,darea_pro_0.5,dparea_pro_0.5,dperim_0.1,dpperim_0.1,dperim_pro_0.1,dpperim_pro_0.1,darea_0.1,dparea_0.1,darea_pro_0.1,dparea_pro_0.1
4402,2096.6757782836107,261.0066073867067,40,169015,35.469255026044195,153382.920788167,118,536144,113.46925502604418,520511.92078816687,47,202939,37.42358275488636,162141.46996568935,125,570068,115.42358275488635,529270.4699656892
4401,767.8603874790829,317.83068758562234,48,210180,42.222422768904124,185579.92665653105,117,492414,111.22242276890411,467813.92665653117,56,241185,45.13092933006496,197635.10759333073,125,523419,114.13092933006497,479869.1075933308
