geoid,carea,cperim,dperim_0.5,dpperim_0.5,dperim_pro_0.5,dpperim_pro_0.5,darea_0.5,dparea_0.5,darea_pro_0.5,dparea_pro_0.5,dperim_0.1,dpperim_0.1,dperim_pro_0.1,dpperim_pro_0.1,darea_0.1,dparea_0.1,darea_pro_0.1,dparea_pro_0.1
4600,199764.87283882868,2077.045888900157,52,183228,51.966563068014715,183117.35112281184,222,814180,221.9665630680147,814069.3511228117,52,183228,51.966563068014715,183117.35112281184,222,814180,221.9665630680147,814069.3511228117
