geoid,carea,cperim,dperim_0.5,dpperim_0.5,dperim_pro_0.5,dpperim_pro_0.5,darea_0.5,dparea_0.5,darea_pro_0.5,dparea_pro_0.5,dperim_0.1,dpperim_0.1,dperim_pro_0.1,dpperim_pro_0.1,darea_0.1,dparea_0.1,darea_pro_0.1,dparea_pro_0.1
4903,52406.59645200646,1783.3786643909405,52,233314,51.37044400513822,230051.7770471435,164,692274,163.37044400513827,689011.7770471434,57,258767,52.66185797043804,236932.69795650916,169,717727,164.6618579704381,695892.6979565092
4902,106570.60777062271,1904.3073887304963,46,231481,44.201823786113366,221521.60979897264,147,709007,145.20182378611335,699047.6097989726,49,248765,45.015880081782726,226211.15685310398,150,726291,146.0158800817827,703737.156853104
4901,53854.34990490004,1514.8521932189396,26,108769,25.822248189787945,107581.12527080193,145,680128,144.82224818978793,678940.1252708021,27,113169,26.179130842519392,109151.40894282029,146,684528,145.17913084251938,680510.4089428204
4904,6975.1653664478,593.4182140645348,48,230114,45.920263405113715,218538.99386581912,132,682476,129.9202634051137,670900.9938658191,54,261918,47.36879276435198,226755.97681951034,138,714280,131.36879276435198,679117.9768195103
