geoid,carea,cperim,dperim_0.5,dpperim_0.5,dperim_pro_0.5,dpperim_pro_0.5,darea_0.5,dparea_0.5,darea_pro_0.5,dparea_pro_0.5,dperim_0.1,dpperim_0.1,dperim_pro_0.1,dpperim_pro_0.1,darea_0.1,dparea_0.1,darea_pro_0.1,dparea_pro_0.1
4903,52406.59645200646,1783.3786643909405,91,135253,90.02382208089057,133728.71412479298,456,693109,455.0238220808907,691584.7141247931,93,138497,90.58784610134181,134512.45746853267,458,696353,455.5878461013418,692368.4574685326
4901,53854.34990490004,1514.8521932189396,38,46626,37.81461829232907,46307.5985722901,430,685808,429.814618292329,685489.59857229,41,52294,38.853640730730135,48356.12664169579,433,691476,430.8536407307301,687538.1266416959
4902,106570.60777062271,1904.3073887304963,69,133250,66.35636243434804,126228.05768760617,415,701594,412.3563624343481,694572.0576876064,71,136317,66.87927066119624,127003.9544306143,417,704661,412.8792706611963,695347.9544306146
4904,6975.1653664478,593.4182140645348,92,149163,91.07841928758334,147318.89546205726,389,683374,388.07841928758336,681529.895462057,97,162361,92.7836042247269,152279.49887987127,394,696572,389.7836042247269,686490.498879871
