geoid,carea,cperim,dperim_0.5,dpperim_0.5,dperim_pro_0.5,dpperim_pro_0.5,darea_0.5,dparea_0.5,darea_pro_0.5,dparea_pro_0.5,dperim_0.1,dpperim_0.1,dperim_pro_0.1,dpperim_pro_0.1,darea_0.1,dparea_0.1,darea_pro_0.1,dparea_pro_0.1
5000,24904.644400824807,897.273571815445,52,176869,51.93202596704896,176653.28930318926,184,625741,183.93202596704893,625525.289303189,52,176869,51.93202596704896,176653.28930318926,184,625741,183.93202596704893,625525.289303189
