geoid,carea,cperim,dperim_0.5,dpperim_0.5,dperim_pro_0.5,dpperim_pro_0.5,darea_0.5,dparea_0.5,darea_pro_0.5,dparea_pro_0.5,dperim_0.1,dpperim_0.1,dperim_pro_0.1,dpperim_pro_0.1,darea_0.1,dparea_0.1,darea_pro_0.1,dparea_pro_0.1
5600,253571.3947533257,2031.209678393127,26,119618,25.997865838470727,119607.89495130161,132,563626,131.99786583847072,563615.8949513017,26,119618,25.997865838470727,119607.89495130161,132,563626,131.99786583847072,563615.8949513017
