geoid,carea,cperim,dperim_0.5,dpperim_0.5,dperim_pro_0.5,dpperim_pro_0.5,darea_0.5,dparea_0.5,darea_pro_0.5,dparea_pro_0.5,dperim_0.1,dpperim_0.1,dperim_pro_0.1,dpperim_pro_0.1,darea_0.1,dparea_0.1,darea_pro_0.1,dparea_pro_0.1
1198,176.92144922008072,63.50711853148586,35,44285,34.33107398763512,43475.09046927159,450,601723,449.33107398763514,600913.0904692716,35,44285,34.33107398763512,43475.09046927159,450,601723,449.33107398763514,600913.0904692716
