geoid,carea,cperim,dperim_0.5,dpperim_0.5,dperim_pro_0.5,dpperim_pro_0.5,darea_0.5,dparea_0.5,darea_pro_0.5,dparea_pro_0.5,dperim_0.1,dpperim_0.1,dperim_pro_0.1,dpperim_pro_0.1,darea_0.1,dparea_0.1,darea_pro_0.1,dparea_pro_0.1
4103,2863.5166052841387,380.0697012312452,42,180350,39.0709402701994,168787.53452325522,175,770419,172.0709402701993,758856.5345232552,48,208461,41.093603101884455,178965.50269245906,181,798530,174.09360310188436,769034.502692459
4104,45129.441232086014,1185.2866651967709,36,151128,34.383351775904686,144233.23257884695,172,771365,170.3833517759047,764470.2325788467,37,155926,34.51393456853579,144859.76881789096,173,776163,170.5139345685358,765096.7688178908
4102,181879.21231198052,2152.5279372940704,49,201118,48.78187699523389,199934.31803574966,166,762549,165.78187699523383,761365.3180357496,51,210375,49.32088548461979,202410.5293657044,168,771806,166.32088548461974,763841.5293657044
4101,7956.550546963973,625.5826199311858,52,219878,49.90233292573782,210276.02622247036,155,764568,152.90233292573785,754966.0262224706,56,233246,51.123758753406584,214098.73593527018,159,777936,154.12375875340663,758788.7359352703
4105,13577.306124077284,1103.0542328718577,60,256835,58.01623781090056,249181.2477953461,158,759047,156.01623781090052,751393.2477953461,67,287453,60.023929532423104,257673.63124458742,165,789665,158.02392953242304,759885.6312445874
