geoid,carea,cperim,dperim_0.5,dpperim_0.5,dperim_pro_0.5,dpperim_pro_0.5,darea_0.5,dparea_0.5,darea_pro_0.5,dparea_pro_0.5,dperim_0.1,dpperim_0.1,dperim_pro_0.1,dpperim_pro_0.1,darea_0.1,dparea_0.1,darea_pro_0.1,dparea_pro_0.1
1198,176.92144922008072,63.50711853148586,23,81211,22.709502461306492,80331.9057175621,179,601723,178.70950246130656,600843.9057175622,23,81211,22.709502461306492,80331.9057175621,179,601723,178.70950246130656,600843.9057175622
