geoid,carea,cperim,dperim_0.5,dpperim_0.5,dperim_pro_0.5,dpperim_pro_0.5,darea_0.5,dparea_0.5,darea_pro_0.5,dparea_pro_0.5,dperim_0.1,dpperim_0.1,dperim_pro_0.1,dpperim_pro_0.1,darea_0.1,dparea_0.1,darea_pro_0.1,dparea_pro_0.1
5000,24904.644400824807,897.273571815445,84,95201,83.72171522303378,94912.6926208852,522,625741,521.7217152230337,625452.6926208851,84,95201,83.72171522303378,94912.6926208852,522,625741,521.7217152230337,625452.6926208851
