geoid,carea,cperim,dperim_0.5,dpperim_0.5,dperim_pro_0.5,dpperim_pro_0.5,darea_0.5,dparea_0.5,darea_pro_0.5,dparea_pro_0.5,dperim_0.1,dpperim_0.1,dperim_pro_0.1,dpperim_pro_0.1,darea_0.1,dparea_0.1,darea_pro_0.1,dparea_pro_0.1
4600,199764.87283882868,2077.045888900157,78,92991,77.91584700797385,92891.39691893799,654,814180,653.9158470079735,814080.3969189379,78,92991,77.91584700797385,92891.39691893799,654,814180,653.9158470079735,814080.3969189379
