geoid,carea,cperim,dperim_0.5,dpperim_0.5,dperim_pro_0.5,dpperim_pro_0.5,darea_0.5,dparea_0.5,darea_pro_0.5,dparea_pro_0.5,dperim_0.1,dpperim_0.1,dperim_pro_0.1,dpperim_pro_0.1,darea_0.1,dparea_0.1,darea_pro_0.1,dparea_pro_0.1
2406,5157.343633597233,911.8514105452398,143,219070,138.8795309379423,212032.9585841725,463,727391,458.8795309379422,720353.9585841725,159,247514,143.7261011922844,221300.0270479425,479,755835,463.7261011922843,729621.0270479425
2403,836.3196253531894,599.3120318157816,292,433384,273.18119509460803,405699.0276666232,494,710789,475.181195094608,683104.0276666236,345,518627,288.59764425177383,429201.28943214397,547,796032,490.59764425177383,706606.2894321441
2404,819.3124695928385,326.700473907369,158,275397,152.92414776087773,266240.75366305374,435,718346,429.9241477608776,709189.7536630534,177,315365,157.6941725074595,276025.2993810681,454,758314,434.69417250745926,718974.2993810677
2405,4187.260108261546,468.09972152300674,125,219588,114.50657011658065,201098.9476382937,396,720758,385.5065701165806,702268.9476382937,137,237617,118.43435394892545,206870.5558535286,408,738787,389.4343539489254,708040.5558535288
2408,2251.0266150761104,570.886795596497,139,213181,132.0116040808818,200416.9044719499,513,723882,506.01160408088174,711117.90447195,154,238212,136.4767133650002,208134.14171101185,528,748913,510.47671336500014,718835.141711012
2401,11468.589388935961,1437.8280693561794,160,225365,144.70182150815157,205415.77997626967,500,727721,484.70182150815134,707771.7799762696,168,238674,147.0055655580501,209412.35071832282,508,741030,487.00556555804985,711768.3507183226
2402,1051.2118883784644,527.6379214378405,196,312352,180.36916284096407,287997.84823734086,479,729187,463.3691628409639,704832.8482373409,232,359139,191.76466866220784,303203.0558895136,515,775974,474.76466866220767,720038.0558895138
2407,1278.8995573357906,413.666352531475,156,204860,148.37865014188694,194056.96423326028,624,707653,616.3786501418871,696849.9642332606,191,254336,159.40883098232658,210141.68900396128,659,757129,627.408830982327,712934.6890039616
