geoid,carea,cperim,dperim_0.5,dpperim_0.5,dperim_pro_0.5,dpperim_pro_0.5,darea_0.5,dparea_0.5,darea_pro_0.5,dparea_pro_0.5,dperim_0.1,dpperim_0.1,dperim_pro_0.1,dpperim_pro_0.1,darea_0.1,dparea_0.1,darea_pro_0.1,dparea_pro_0.1
4707,24127.1092771509,1136.3924506681794,115,210783,113.6014601686677,208196.86509629115,414,705957,412.6014601686678,703370.8650962914,119,216135,114.77809549171954,209486.34751249797,418,711309,413.7780954917196,704660.3475124981
4706,17086.41869985421,940.9596549670789,89,155107,88.13172431173709,154239.65344893138,419,705429,418.13172431173706,704561.6534489313,91,158288,88.48745970814278,154790.42226721367,421,708610,418.48745970814275,705112.4222672136
4702,6297.296758400398,830.239026539859,74,123385,72.56424564983098,121582.27517046272,419,705263,417.56424564983087,703460.2751704626,78,129047,73.92670569544644,123602.31288788414,423,710925,418.92670569544634,705480.312887884
4703,12215.428002296234,1122.4901205143995,104,158398,102.27077253890998,155436.23119325287,500,706836,498.27077253891,703874.2311932527,107,161879,103.50463214591925,156907.09125277784,503,710317,499.5046321459193,705345.0912527777
4701,10933.979807484971,758.7011808045274,85,132379,84.04349408763075,130776.64300710612,463,706103,462.04349408763085,704500.6430071061,86,134082,84.15205699614764,130961.52564031038,464,707806,462.15205699614773,704685.5256403105
4705,3303.8110787729443,371.98246825264255,47,100931,46.884275823241204,100655.59943895417,518,704381,517.8842758232412,704105.5994389541,49,102849,47.6348118505018,101346.49167530217,520,706299,518.6348118505017,704796.4916753022
4709,1307.89256811724,284.01784383978736,61,106595,56.0783155611718,96842.99638783492,519,702793,514.0783155611718,693040.9963878351,70,134931,58.58710894869101,103305.72956651275,528,731129,516.587108948691,699503.7295665129
4708,18126.40025335155,919.2784344370002,90,156746,87.26586272025668,149907.2678105594,475,707357,472.2658627202565,700518.2678105596,107,189623,92.19850695720326,159571.03617241164,492,740234,477.1985069572031,710182.0361724116
4704,15733.654428984764,1170.821550065119,110,196849,108.24021249492401,194488.80288827835,398,701986,396.2402124949239,699625.8028882783,118,212184,110.16393569158748,198129.692819373,406,717321,398.16393569158737,703266.692819373
