geoid,carea,cperim,dperim_0.5,dpperim_0.5,dperim_pro_0.5,dpperim_pro_0.5,darea_0.5,dparea_0.5,darea_pro_0.5,dparea_pro_0.5,dperim_0.1,dpperim_0.1,dperim_pro_0.1,dpperim_pro_0.1,darea_0.1,dparea_0.1,darea_pro_0.1,dparea_pro_0.1
3000,381186.91838026326,3100.866406421514,46,108144,45.981061094608165,108098.25157308184,271,989415,270.98106109460804,989369.251573082,46,108144,45.981061094608165,108098.25157308184,271,989415,270.98106109460804,989369.251573082
