geoid,carea,cperim,dperim_0.5,dpperim_0.5,dperim_pro_0.5,dpperim_pro_0.5,darea_0.5,dparea_0.5,darea_pro_0.5,dparea_pro_0.5,dperim_0.1,dpperim_0.1,dperim_pro_0.1,dpperim_pro_0.1,darea_0.1,dparea_0.1,darea_pro_0.1,dparea_pro_0.1
0904,1238.9872461695045,258.43060525342503,46,209297,43.29194342371684,197996.12163517927,162,699179,159.29194342371682,687878.1216351793,52,227295,45.56326607843979,204587.89326680597,168,717177,161.56326607843977,694469.8932668059
0902,5314.042888836029,411.63862693582917,50,236866,47.02243991054041,225085.0951733105,156,716677,153.0224399105405,704896.0951733103,50,236866,47.02243991054041,225085.0951733105,156,716677,153.0224399105405,704896.0951733103
0901,1800.771800355064,356.39069805821293,61,283444,60.231449130786515,280249.830139522,178,718584,177.2314491307866,715389.8301395223,63,292662,60.69155182266142,282280.9699893029,180,727802,177.6915518226615,717420.9699893032
0903,1261.4398129011288,274.7848104540438,62,299837,56.2842088410991,275833.20043612656,155,718533,149.28420884109912,694529.2004361264,65,311420,57.10443260635324,279327.57790509163,158,730116,150.10443260635327,698023.5779050915
0905,3319.1992224824976,427.13896706346856,72,306075,71.12242022213422,302198.32921498985,173,707908,172.12242022213428,704031.3292149898,77,327464,72.7409630512835,309329.48230728443,178,729297,173.74096305128356,711162.4823072845
