geoid,carea,cperim,dperim_0.5,dpperim_0.5,dperim_pro_0.5,dpperim_pro_0.5,darea_0.5,dparea_0.5,darea_pro_0.5,dparea_pro_0.5,dperim_0.1,dpperim_0.1,dperim_pro_0.1,dpperim_pro_0.1,darea_0.1,dparea_0.1,darea_pro_0.1,dparea_pro_0.1
2907,16484.436857780518,676.4596579807635,27,147835,26.866210686462395,147423.0437958789,150,748683,149.8662106864624,748271.0437958789,28,152470,27.069943416951673,148367.34500169673,151,753318,150.0699434169517,749215.3450016966
2908,52000.64363465872,1343.8285026594374,59,247812,57.9772232818844,242380.65329536586,175,751697,173.97722328188445,746265.6532953662,61,258697,58.631549250890764,245939.31520755048,177,762582,174.63154925089083,749824.3152075508
2905,6367.166947809694,638.6641141709423,53,219873,50.61197993655429,207686.73922112532,216,749412,213.61197993655423,737225.7392211254,60,262360,52.33477037374767,217551.8834321958,223,791899,215.33477037374763,747090.8834321959
2904,38030.822338291175,1431.5302188262706,56,255965,54.682995727921416,250716.30995399045,163,752257,161.68299572792134,747008.3099539904,58,262680,54.98134677126396,251734.34802040615,165,758972,161.98134677126387,748026.3480204061
2906,47637.10596236501,1584.3666471891104,74,277987,72.22206995131297,267917.98084819765,196,745675,194.222069951313,735605.9808481979,81,314588,74.93272898153953,281550.2661365994,203,782276,196.93272898153955,749238.2661365997
2902,1245.2034329753087,273.5724086417947,55,266669,48.60952819826188,232805.63525425564,152,771433,145.6095281982619,737569.6352542557,65,309489,51.375298224360435,245620.4020636121,162,814253,148.37529822436048,750384.4020636122
2903,18106.815139251663,994.6340488995207,72,344752,69.51848370942976,332419.32841763954,148,732465,145.51848370942977,720132.3284176396,86,410948,74.25332156335581,355493.6214891659,162,798661,150.2533215633558,743206.6214891659
2901,611.5086407306112,166.35226400107368,38,154091,36.3438867591725,146761.20836044167,193,737305,191.34388675917245,729975.2083604418,46,201236,38.83770226198581,161324.87237643416,201,784450,193.83770226198575,744538.8723764344
