geoid,carea,cperim,dperim_0.5,dpperim_0.5,dperim_pro_0.5,dpperim_pro_0.5,darea_0.5,dparea_0.5,darea_pro_0.5,dparea_pro_0.5,dperim_0.1,dpperim_0.1,dperim_pro_0.1,dpperim_pro_0.1,darea_0.1,dparea_0.1,darea_pro_0.1,dparea_pro_0.1
0502,13188.975372462137,812.3988870793187,54,89565,53.97659538223852,89523.50742904989,494,729192,493.97659538223854,729150.5074290497,54,89565,53.97659538223852,89523.50742904989,494,729192,493.97659538223854,729150.5074290497
0504,58867.43657510585,1611.35818067962,106,138883,103.3929146797089,135749.05937841334,597,726535,594.392914679709,723401.0593784133,114,152489,106.38647224071455,141044.98908793824,605,740141,597.3864722407146,728696.9890879381
0501,51264.7398627013,2200.212536471811,115,142720,114.36786281132358,142269.9582698646,606,729077,605.3678628113237,728626.9582698648,117,144054,115.13787423717734,142796.13523039516,608,730411,606.1378742371775,729153.1352303952
0503,14348.97349493478,1131.1922955677562,79,132243,75.89135617569782,126631.18384406622,450,731114,446.89135617569764,725502.1838440666,86,141442,77.80688112722086,129031.11499706851,457,740313,448.8068811272206,727902.1149970688
