geoid,carea,cperim,dperim_0.5,dpperim_0.5,dperim_pro_0.5,dpperim_pro_0.5,darea_0.5,dparea_0.5,darea_pro_0.5,dparea_pro_0.5,dperim_0.1,dpperim_0.1,dperim_pro_0.1,dpperim_pro_0.1,darea_0.1,dparea_0.1,darea_pro_0.1,dparea_pro_0.1
2507,177.1967433364264,169.82754802976672,87,334593,81.94102707995997,319974.7544055303,192,723726,186.94102707996007,709107.7544055304,95,364117,84.79250853573095,330832.94553358166,200,753250,189.7925085357311,719965.9455335818
2503,2039.4674571972969,331.695460984816,58,294350,57.75530357871387,293295.41348139226,156,724078,155.75530357871395,723023.4134813922,60,307100,58.40531525099265,297122.40207012335,158,736828,156.40531525099271,726850.4020701232
2505,722.1355585332142,230.7726948372494,82,386075,78.41971285891321,372541.4784537298,156,730323,152.4197128589132,716789.4784537295,87,395141,80.03193230881216,375840.75820472353,161,739389,154.03193230881212,720088.7582047231
2504,1817.4223126983748,363.7715343586037,73,401915,70.87046218012108,390166.5503649821,141,730932,138.87046218012108,719183.550364982,76,413389,71.75555378179004,393486.47116301686,144,742406,139.75555378178998,722503.4711630167
2501,6216.020591811498,498.84813255942197,46,195063,45.41692742368582,192946.66406153218,174,729379,173.4169274236858,727262.6640615321,46,195063,45.41692742368582,192946.66406153218,174,729379,173.4169274236858,727262.6640615321
2509,3488.8015619300736,942.0916449162725,97,400897,88.29165223999586,367661.2763806918,170,711319,161.2916522399958,678083.2763806918,105,433431,91.1991832670745,379736.6168309557,178,743853,164.1991832670745,690158.6168309558
2508,894.0946268453794,352.4841523576779,82,354858,78.34712298899058,339223.00181632355,161,683693,157.34712298899066,668058.0018163235,102,443871,84.28868363588848,366513.95781735657,181,772706,163.2886836358886,695348.9578173563
2506,1462.278175247314,297.9020613438806,63,316913,58.45874243647759,294436.4690371942,145,716848,140.45874243647754,694371.469037194,67,332834,59.649945277371586,299375.399869803,149,732769,141.6499452773715,699310.3998698029
2502,4440.853804388168,448.9350680400795,50,251934,49.944951409242016,251711.05390928898,159,721383,158.94495140924207,721160.0539092892,53,267678,50.85361259285712,256866.37303567192,162,737127,159.85361259285716,726315.3730356722
