geoid,carea,cperim,dperim_0.5,dpperim_0.5,dperim_pro_0.5,dpperim_pro_0.5,darea_0.5,dparea_0.5,darea_pro_0.5,dparea_pro_0.5,dperim_0.1,dpperim_0.1,dperim_pro_0.1,dpperim_pro_0.1,darea_0.1,dparea_0.1,darea_pro_0.1,dparea_pro_0.1
0803,129239.8028439887,2126.951958581685,56,68918,55.63256884171572,68409.78682419668,549,716550,548.6325688417156,716041.7868241969,58,73435,55.89387678567201,68996.5538578573,551,721067,548.893876785672,716628.5538578575
0807,910.2592936004049,273.16214997554835,76,117989,74.27449122016245,113304.53373680811,490,713962,488.27449122016236,709277.5337368081,85,133078,77.32077295854457,118271.07236656923,499,729051,491.32077295854447,714244.0723665692
0802,19739.17076827631,1025.0451446444956,90,141402,86.35405623984951,135738.48169316523,508,729446,504.3540562398495,723782.481693165,93,147079,87.03623401396946,137003.08483389593,511,735123,505.03623401396953,725047.0848338959
0801,497.94997985522076,247.11878896017106,130,197935,128.29006835608388,195657.27702650338,579,716321,577.2900683560841,714043.2770265036,136,208158,129.41999542372213,197533.78627535448,585,726544,578.4199954237224,715919.7862753546
0805,18867.551756442364,763.0812172711928,36,56323,35.979230730597195,56280.99700757996,439,719205,438.9792307305972,719162.9970075799,37,57849,36.24294631343271,56683.42698698695,440,720731,439.2429463134327,719565.4269869869
0806,1249.559748944988,359.78792226549933,98,161406,93.2992609792491,151984.27248615964,460,708485,455.2992609792492,699063.2724861596,109,185556,96.9592728962021,160320.63859338162,471,732635,458.9592728962022,707399.6385933815
0804,99098.38859365029,1826.1953288412062,79,123835,76.81910825734543,119285.00088580503,507,725227,504.81910825734536,720677.0008858055,88,141797,79.75053405152639,125055.49676247622,516,743189,507.75053405152636,726447.4967624766
