geoid,carea,cperim,dperim_0.5,dpperim_0.5,dperim_pro_0.5,dpperim_pro_0.5,darea_0.5,dparea_0.5,darea_pro_0.5,dparea_pro_0.5,dperim_0.1,dpperim_0.1,dperim_pro_0.1,dpperim_pro_0.1,darea_0.1,dparea_0.1,darea_pro_0.1,dparea_pro_0.1
1501,571.2707672747212,153.82218160239358,62,95101,56.94773469269,90156.94811728789,419,676195,413.94773469268995,671250.9481172881,65,99402,58.21645664839319,92028.21576242127,422,680496,415.21645664839315,673122.2157624215
1502,16206.30429189023,1582.200403302899,148,198952,125.02546850045336,169897.48364718663,398,643084,375.0254685004536,614029.483647187,176,235216,134.2229819425414,181803.39111506825,426,679348,384.22298194254176,625935.3911150685
