geoid,carea,cperim,dperim_0.5,dpperim_0.5,dperim_pro_0.5,dpperim_pro_0.5,darea_0.5,dparea_0.5,darea_pro_0.5,dparea_pro_0.5,dperim_0.1,dpperim_0.1,dperim_pro_0.1,dpperim_pro_0.1,darea_0.1,dparea_0.1,darea_pro_0.1,dparea_pro_0.1
2407,1278.8995573357906,413.666352531475,77,298798,71.37451355048094,275042.63360863907,199,708211,193.37451355048077,684455.633608639,101,391479,79.42645217385324,305191.523682002,223,800892,201.42645217385314,714604.5236820017
2404,819.3124695928385,326.700473907369,85,372265,79.9348025143596,344084.58258390037,173,721007,167.93480251435963,692826.5825839,96,424652,83.30300095837458,360706.4850058559,184,773394,171.30300095837455,709448.4850058557
2401,11468.589388935961,1437.8280693561794,86,367810,77.27847725534728,332522.22539437626,170,733457,161.27847725534735,698169.2253943766,93,398824,79.47092728745605,342075.85403391893,177,764471,163.4709272874561,707722.8540339193
2406,5157.343633597233,911.8514105452398,81,375130,76.82415936210565,355305.9541831034,166,735117,161.8241593621057,715292.9541831034,91,417409,79.51227341592634,366945.24871105806,176,777396,164.51227341592642,726932.2487110578
2403,836.3196253531894,599.3120318157816,136,565633,120.64163276213772,504483.7298560529,174,704507,158.64163276213762,643357.7298560531,175,736861,133.04074065411973,558093.6388147912,213,875735,171.04074065411962,696967.6388147919
2402,1051.2118883784644,527.6379214378405,105,447396,92.85135908827851,401841.80351198337,180,712735,167.85135908827857,667180.8035119838,145,604348,105.22004660076867,450784.00263996684,220,869687,180.22004660076865,716123.0026399671
2405,4187.260108261546,468.09972152300674,67,321463,61.10806191532359,292654.1641654526,153,728601,147.1080619153235,699792.1641654528,78,371936,63.987499853342925,307500.1324276521,164,779074,149.98749985334283,714638.1324276524
2408,2251.0266150761104,570.886795596497,79,330093,75.30988142643564,314713.17025988834,172,704312,168.30988142643562,688932.1702598884,97,414987,81.70396323987632,344916.18427475466,190,789206,174.70396323987632,719135.1842747546
