geoid,carea,cperim,dperim_0.5,dpperim_0.5,dperim_pro_0.5,dpperim_pro_0.5,darea_0.5,dparea_0.5,darea_pro_0.5,dparea_pro_0.5,dperim_0.1,dpperim_0.1,dperim_pro_0.1,dpperim_pro_0.1,darea_0.1,dparea_0.1,darea_pro_0.1,dparea_pro_0.1
5600,253571.3947533257,2031.209678393127,38,55258,37.994383276228604,55249.52028770704,410,563626,409.99438327622846,563617.5202877071,38,55258,37.994383276228604,55249.52028770704,410,563626,409.99438327622846,563617.5202877071
