geoid,carea,cperim,dperim_0.5,dpperim_0.5,dperim_pro_0.5,dpperim_pro_0.5,darea_0.5,dparea_0.5,darea_pro_0.5,dparea_pro_0.5,dperim_0.1,dpperim_0.1,dperim_pro_0.1,dpperim_pro_0.1,darea_0.1,dparea_0.1,darea_pro_0.1,dparea_pro_0.1
3000,381186.91838026326,3100.866406421514,59,59321,58.97277981002446,59292.226998955506,842,989415,841.9727798100245,989386.2269989551,59,59321,58.97277981002446,59292.226998955506,842,989415,841.9727798100245,989386.2269989551
