geoid,carea,cperim,dperim_0.5,dpperim_0.5,dperim_pro_0.5,dpperim_pro_0.5,darea_0.5,dparea_0.5,darea_pro_0.5,dparea_pro_0.5,dperim_0.1,dpperim_0.1,dperim_pro_0.1,dpperim_pro_0.1,darea_0.1,dparea_0.1,darea_pro_0.1,dparea_pro_0.1
0200,1529614.2251565186,32746.231793525345,57,189967,46.80564304069704,154844.1464250267,153,642730,142.80564304069705,607607.1464250266,71,257468,51.380308842729704,175719.38534686473,167,710231,147.3803088427297,628482.3853468646
