geoid,carea,cperim,dperim_0.5,dpperim_0.5,dperim_pro_0.5,dpperim_pro_0.5,darea_0.5,dparea_0.5,darea_pro_0.5,dparea_pro_0.5,dperim_0.1,dpperim_0.1,dperim_pro_0.1,dpperim_pro_0.1,darea_0.1,dparea_0.1,darea_pro_0.1,dparea_pro_0.1
0501,51258.92892175844,2154.7843223577497,61,226358,60.75256238020696,225559.5403855737,194,728022,193.75256238020702,727223.5403855736,62,229617,61.25204113074185,227187.34163356692,195,731281,194.25204113074193,728851.3416335669
0502,13187.228941642612,772.9238365157972,33,154150,32.88579292366719,153615.48292409626,168,729192,167.88579292366717,728657.4829240963,33,154150,32.88579292366719,153615.48292409626,168,729192,167.88579292366717,728657.4829240963
0503,14346.459568083534,1097.275117884587,42,225680,40.89355368362271,220012.05450149288,140,720383,138.8935536836227,714715.0545014929,47,253958,42.44410084801044,229613.48269030667,145,748661,140.44410084801044,724316.4826903066
0504,58875.936107102476,1579.058236533514,59,251577,56.846591651895686,239495.71565121302,184,738321,181.8465916518957,726239.7156512127,61,261981,57.80218209560208,244470.1425696217,186,748725,182.8021820956021,731214.1425696214
