geoid,carea,cperim,dperim_0.5,dpperim_0.5,dperim_pro_0.5,dpperim_pro_0.5,darea_0.5,dparea_0.5,darea_pro_0.5,dparea_pro_0.5,dperim_0.1,dpperim_0.1,dperim_pro_0.1,dpperim_pro_0.1,darea_0.1,dparea_0.1,darea_pro_0.1,dparea_pro_0.1
4702,6294.9719157006575,720.1616087601266,45,182120,44.48059783158317,180000.8094468533,172,700907,171.4805978315832,698787.8094468531,49,194415,45.92239539873172,184216.50219075958,176,713202,172.92239539873174,703003.5021907593
4706,17097.57962953219,831.0137336974445,48,230157,47.58654511072317,228188.99453247193,162,702146,161.5865451107232,700177.9945324719,50,238645,48.21541264937419,231121.7270410213,164,710634,162.21541264937423,703110.7270410212
4708,18120.68841196812,885.6600224852161,51,246256,47.75254330205346,223635.54694322564,174,727960,170.75254330205343,705339.5469432253,59,284057,49.57181114895591,233166.62463958145,182,765761,172.57181114895587,714870.6246395812
4709,1309.9569890255557,273.48635011358084,31,131208,28.991930345414232,120810.32142224525,180,682190,177.9919303454142,671792.3214222454,42,208385,32.01793696751634,142403.70622917137,191,759367,181.01793696751633,693385.7062291716
4707,24133.91466336342,1050.0906504053537,68,308403,66.57078505851052,300583.5759721629,165,711590,163.57078505851055,703770.5759721627,70,315675,67.3441109269983,303317.87336066086,167,718862,164.34411092699833,706504.8733606606
4703,12215.227852363714,994.7659630784549,57,260579,55.142566656188286,253129.69016149358,162,710974,160.1425666561883,703524.6901614937,58,263149,55.594496075265106,254291.14876852097,163,713544,160.5944960752651,704686.148768521
4704,15722.48134560311,1019.0203492387218,67,305852,64.95385073419851,297960.1854618639,145,696571,142.95385073419857,688679.185461864,72,339818,66.32990566895322,306748.94578839926,150,730537,144.32990566895324,697467.9457883994
4701,10942.786777158704,718.2487787999058,46,199191,45.453408635729986,196464.3533152842,159,706103,158.45340863572997,703376.3533152844,46,199191,45.453408635729986,196464.3533152842,159,706103,158.45340863572997,703376.3533152844
4705,3295.6175900954863,331.2822611707404,32,152109,31.01624321777569,146988.07263637264,178,707664,177.01624321777567,702543.0726363728,32,152109,31.01624321777569,146988.07263637264,178,707664,177.01624321777567,702543.0726363728
