geoid,carea,cperim,dperim_0.5,dpperim_0.5,dperim_pro_0.5,dpperim_pro_0.5,darea_0.5,dparea_0.5,darea_pro_0.5,dparea_pro_0.5,dperim_0.1,dpperim_0.1,dperim_pro_0.1,dpperim_pro_0.1,darea_0.1,dparea_0.1,darea_pro_0.1,dparea_pro_0.1
2706,7856.273209532496,624.3808808429369,84,161817,82.4971593113838,158984.31585370048,388,659384,386.4971593113838,656551.3158537004,89,170704,83.50836560837438,161012.51797587043,393,668271,387.5083656083744,658579.5179758704
2705,368.6536088569811,103.06946707082332,48,54422,45.77564259104967,52224.62185674153,624,659811,621.7756425910497,657613.6218567415,62,72377,49.012007943136766,56194.4782051821,638,677766,625.012007943137,661583.478205182
2707,91669.01329197788,1966.6470959503865,119,128495,116.0219122715006,123849.10546917931,613,662792,610.0219122715005,658146.1054691793,124,135480,117.26539462153656,125672.34035140555,618,669777,611.2653946215364,659969.3403514056
2704,942.2014602043713,140.6985876485659,48,68041,44.95888528078635,64371.396791259685,491,661973,487.9588852807864,658303.3967912598,57,79763,46.558429265407774,66557.59540108916,500,673695,489.5584292654078,660489.5954010893
2702,6556.2258509067915,473.9078834581792,64,98206,61.83082839837011,95160.73506402338,384,663199,381.8308283983701,660153.7350640235,71,106619,63.46828679298279,97267.61413334575,391,671612,383.4682867929827,662260.6141333459
2708,78068.70192109,1728.5643601716272,95,120400,91.30793774606403,116100.3600694409,577,658526,573.3079377460639,654226.3600694404,106,133106,94.74464804326277,120008.40223082936,588,671232,576.7446480432627,658134.4022308289
2701,31551.15605915149,1090.645384903746,74,79462,73.04221780231948,78117.72651310918,549,664852,548.0422178023194,663507.726513109,75,80150,73.34791248280386,78328.04445328243,550,665540,548.347912482804,663718.0444532823
2703,1510.2970993167694,225.62680323310778,83,120175,79.39864530733351,115364.83290486156,475,667278,471.3986453073336,662467.8329048614,95,137125,81.73867496386822,118178.78048404395,487,684228,473.7386749638683,665281.780484044
