geoid,carea,cperim,dperim_0.5,dpperim_0.5,dperim_pro_0.5,dpperim_pro_0.5,darea_0.5,dparea_0.5,darea_pro_0.5,dparea_pro_0.5,dperim_0.1,dpperim_0.1,dperim_pro_0.1,dpperim_pro_0.1,darea_0.1,dparea_0.1,darea_pro_0.1,dparea_pro_0.1
1904,59189.95320973533,1270.3317079008066,82,79857,81.6802057353361,79528.70512306687,755,761571,754.6802057353359,761242.7051230668,82,79857,81.6802057353361,79528.70512306687,755,761571,754.6802057353359,761242.7051230668
1902,32170.985680296002,1082.1559078601913,108,121626,107.7858959004462,121408.74312936247,640,761624,639.7858959004463,761406.7431293625,108,121626,107.7858959004462,121408.74312936247,640,761624,639.7858959004463,761406.7431293625
1901,31417.28304167749,1159.0811442155969,99,98090,98.76838522561467,97837.31899195514,636,761548,635.7683852256143,761295.3189919555,99,98090,98.76838522561467,97837.31899195514,636,761548,635.7683852256143,761295.3189919555
1903,22915.63203049467,768.7707828208577,58,63969,57.65557238706412,63646.892133843605,599,761612,598.6555723870641,761289.8921338436,58,63969,57.65557238706412,63646.892133843605,599,761612,598.6555723870641,761289.8921338436
