geoid,carea,cperim,dperim_0.5,dpperim_0.5,dperim_pro_0.5,dpperim_pro_0.5,darea_0.5,dparea_0.5,darea_pro_0.5,dparea_pro_0.5,dperim_0.1,dpperim_0.1,dperim_pro_0.1,dpperim_pro_0.1,darea_0.1,dparea_0.1,darea_pro_0.1,dparea_pro_0.1
0103,20000.054677218297,979.626143054715,97,144851,94.81352261175819,141415.08578683215,467,684416,464.813522611758,680980.0857868319,100,150441,95.45497549571827,142365.09395558745,470,690006,465.4549754957181,681930.0939555871
0101,16111.99911382444,1256.5419810554274,73,105105,66.68941833007258,96677.34679417835,432,675726,425.68941833007256,667298.3467941782,79,114444,68.59331889707657,99848.68043229308,438,685065,427.59331889707653,670469.6804322929
0104,23589.27490977734,1194.7921365263535,104,145631,102.58022607244462,143173.2894530512,545,683524,543.5802260724445,681066.2894530513,111,153536,103.79914743456868,144521.11499505868,552,691429,544.7991474345686,682414.1149950587
0107,26610.75884082622,1456.1564075766646,150,194207,139.26915121175858,180224.45783098356,608,679361,597.2691512117588,665378.4578309836,187,252392,148.79736560350548,195330.4107151973,645,737546,606.7973656035055,680484.4107151972
0102,26558.002121147958,1140.2016087666275,101,124794,98.1782273975466,121303.84720359472,519,680704,516.1782273975465,677213.847203595,116,141944,102.20294604349633,125919.33016244422,534,697854,520.2029460434964,681829.3301624446
0106,10965.666754493588,911.5247920282947,119,175130,111.44626626745844,162276.64376341263,436,687405,428.4462662674585,674551.6437634126,136,200057,115.87611256964183,169244.47381245033,453,712332,432.87611256964186,681519.4738124503
0105,9981.289713559627,643.711995982385,57,83288,56.087225364666935,82383.08118890612,426,683019,425.08722536466695,682114.081188906,57,83288,56.087225364666935,82383.08118890612,426,683019,425.08722536466695,682114.081188906
