geoid,carea,cperim,dperim_0.5,dpperim_0.5,dperim_pro_0.5,dpperim_pro_0.5,darea_0.5,dparea_0.5,darea_pro_0.5,dparea_pro_0.5,dperim_0.1,dpperim_0.1,dperim_pro_0.1,dpperim_pro_0.1,darea_0.1,dparea_0.1,darea_pro_0.1,dparea_pro_0.1
0905,3316.2594696073957,414.9531332758765,67,292146,65.35523502619456,285597.8753801312,173,707908,171.35523502619455,701359.8753801314,71,308930,66.81095356698438,291756.1689645598,177,724692,172.81095356698435,707518.16896456
0904,1232.0192439045136,225.35719915228782,47,214791,43.3937633028542,199512.02841946093,162,699179,158.39376330285418,683900.0284194609,53,232789,45.15496584582736,204716.33944275865,168,717177,160.1549658458274,689104.3394427586
0903,1259.0855448080467,241.55522930693218,57,282681,50.978578860289005,256677.76801313047,155,718533,148.97857886028902,692529.7680131305,62,301952,52.30516821008331,261749.6740684465,160,737804,150.3051682100833,697601.6740684465
0901,1802.6257830437567,341.7736287926227,54,258121,53.0614994497544,254066.06361688706,178,718584,177.0614994497543,714529.0636168869,57,270268,53.685821377900886,256673.76894340874,181,730731,177.68582137790082,717136.7689434084
0902,5305.664616201467,386.5832928236219,51,239564,47.31074545917567,225177.78621881318,156,716677,152.31074545917565,702290.7862188135,51,239564,47.31074545917567,225177.78621881318,156,716677,152.31074545917565,702290.7862188135
