geoid,carea,cperim,dperim_0.5,dpperim_0.5,dperim_pro_0.5,dpperim_pro_0.5,darea_0.5,dparea_0.5,darea_pro_0.5,dparea_pro_0.5,dperim_0.1,dpperim_0.1,dperim_pro_0.1,dpperim_pro_0.1,darea_0.1,dparea_0.1,darea_pro_0.1,dparea_pro_0.1
1502,16150.5492445514,1420.9873588825176,92,445181,80.21900312491985,389076.10339146917,140,655419,128.21900312491982,599314.1033914693,100,472103,82.74264270898796,397921.7217181777,148,682341,130.74264270898797,608159.7217181779
1501,550.8640878929014,148.74239461759612,43,166521,37.35317481416985,150381.94633821835,172,666023,166.35317481416982,649883.9463382185,51,188756,39.9431700672379,156412.58235369314,180,688258,168.94317006723784,655914.5823536932
