geoid,carea,cperim,dperim_0.5,dpperim_0.5,dperim_pro_0.5,dpperim_pro_0.5,darea_0.5,dparea_0.5,darea_pro_0.5,dparea_pro_0.5,dperim_0.1,dpperim_0.1,dperim_pro_0.1,dpperim_pro_0.1,darea_0.1,dparea_0.1,darea_pro_0.1,dparea_pro_0.1
5501,4596.029884606009,362.222338660604,46,229531,40.57192796616481,205433.42213926712,148,694686,142.5719279661648,670588.4221392671,60,297360,44.782207112899975,226131.7980423358,162,762515,146.78220711289998,691286.798042336
5506,13487.019925429486,841.7078948906368,76,342119,71.10325292975025,321967.02321501635,162,703221,157.10325292975025,683069.0232150166,81,362413,72.97219243165291,329654.0068075963,167,723515,158.97219243165287,690756.0068075967
5507,62220.81019576528,1886.4935849728722,56,221341,54.696277119061016,216420.5134334622,184,698831,182.69627711906105,693910.5134334624,70,289039,58.266811898519556,232898.63745473578,198,766529,186.2668118985196,710388.6374547359
5502,11951.034088856333,561.7949963352871,27,121633,25.72662681353735,113550.30560769583,160,721066,158.7266268135373,712983.3056076958,32,142888,26.599417849433568,117243.33697048033,165,742321,159.59941784943354,716676.3369704804
5504,333.03524583812526,136.7784192337953,56,195926,49.991110247191315,175702.09587810712,237,707536,230.99111024719133,687312.0958781069,63,215077,51.839322881961365,180150.7522105169,244,726687,232.8393228819613,691760.7522105165
5503,29597.264780225694,1446.5312780825452,69,292971,64.97985621222735,274305.3474233658,162,723217,157.9798562122273,704551.3474233659,71,300780,65.3542325592892,275762.24065352336,164,731026,158.35423255928916,706008.2406535234
5505,5059.785075783979,435.2048111319147,59,243593,55.12117025705083,227034.8101147539,166,703870,162.12117025705086,687311.8101147537,77,315783,58.80161681249486,241599.84298805476,184,776060,165.8016168124949,701876.8429880545
5508,18203.8134048789,1114.0444662205473,48,205294,44.824321493052274,192803.84917547868,161,687916,157.82432149305228,675425.8491754786,55,230383,47.26660711071431,202085.66407674956,168,713005,160.26660711071432,684707.6640767494
