geoid,carea,cperim,dperim_0.5,dpperim_0.5,dperim_pro_0.5,dpperim_pro_0.5,darea_0.5,dparea_0.5,darea_pro_0.5,dparea_pro_0.5,dperim_0.1,dpperim_0.1,dperim_pro_0.1,dpperim_pro_0.1,darea_0.1,dparea_0.1,darea_pro_0.1,dparea_pro_0.1
2407,1274.2955751335962,345.346398906006,67,262308,59.61465625147636,232989.8849211875,201,712008,193.6146562514763,682689.8849211879,92,361549,66.48886449850015,257874.54711441242,226,811249,200.48886449850008,707574.5471144125
2408,2245.1044566424157,493.71345058889784,70,285964,64.19894086164024,261816.05155345818,173,708170,167.19894086164024,684022.051553458,97,410710,72.6538100656469,300470.61508027185,200,832916,175.6538100656469,722676.6150802714
2406,5169.082271758265,849.2678136292066,73,343908,67.74729790475818,319875.75794561027,167,741060,161.7472979047582,717027.7579456104,85,391647,70.864836573522,332987.31356283656,179,788799,164.86483657352198,730139.3135628366
2401,11497.68770072254,1358.5965751876206,84,356361,75.58603062766288,322578.0155295076,169,729269,160.58603062766292,695486.0155295075,95,406954,78.8582446454758,337166.04147514305,180,779862,163.85824464547585,710074.0414751432
2403,844.2082562449139,505.58578933092406,124,535034,107.47315132440391,464120.99948030047,176,727875,159.473151324404,656961.9994803002,174,735815,122.58081676277655,523841.13289723726,226,928656,174.58081676277658,716682.1328972369
2402,1044.2165047553244,446.3896821877719,92,376628,76.76066905822933,320892.12305000075,180,706187,164.76066905822924,650451.1230500006,131,539318,88.36612872707087,369301.0806873232,219,868877,176.36612872707073,698860.0806873234
2404,811.7592776055791,286.89892152578955,76,330073,68.09380866896002,292309.8410677751,170,699916,162.09380866895995,662152.8410677752,93,427515,72.90057295488556,319515.0759401556,187,797358,166.90057295488552,689358.0759401559
2405,4190.157553713821,445.51295246644736,59,287703,53.42937270669619,259543.9366816854,152,724845,146.4293727066962,696685.9366816857,71,343878,57.349584189419325,279013.78479156864,164,781020,150.34958418941932,716155.784791569
