geoid,carea,cperim,dperim_0.5,dpperim_0.5,dperim_pro_0.5,dpperim_pro_0.5,darea_0.5,dparea_0.5,darea_pro_0.5,dparea_pro_0.5,dperim_0.1,dpperim_0.1,dperim_pro_0.1,dpperim_pro_0.1,darea_0.1,dparea_0.1,darea_pro_0.1,dparea_pro_0.1
5600,253574.26411540815,2031.209266172584,37,53394,36.993866945740145,53384.83840707625,410,563626,409.99386694574014,563616.8384070764,37,53394,36.993866945740145,53384.83840707625,410,563626,409.99386694574014,563616.8384070764
