geoid,carea,cperim,dperim_0.5,dpperim_0.5,dperim_pro_0.5,dpperim_pro_0.5,darea_0.5,dparea_0.5,darea_pro_0.5,dparea_pro_0.5,dperim_0.1,dpperim_0.1,dperim_pro_0.1,dpperim_pro_0.1,darea_0.1,dparea_0.1,darea_pro_0.1,dparea_pro_0.1
2503,2035.7743781137185,310.45833228043995,52,263665,50.598411023488126,256715.37965802534,156,724078,154.59841102348813,717128.3796580252,55,279426,51.29025530245703,260527.0922910653,159,739839,155.290255302457,720940.0922910653
2501,6213.667363734003,485.9908757464417,44,190641,43.24995149761334,187756.1881392625,174,729379,173.2499514976133,726494.1881392627,45,193601,43.50442686476514,188509.43522603184,175,732339,173.5044268647651,727247.435226032
2504,1814.3322475987572,333.4597469130265,70,386571,66.33979613717464,367412.17155442777,136,708140,132.33979613717455,688981.1715544278,80,428813,68.76949792044896,378018.10422758275,146,750382,134.76949792044886,699587.1042275828
2502,4447.048762634595,424.34791818883747,47,239448,46.48031943140111,237373.75530844537,159,721383,158.48031943140109,719308.7553084452,51,258627,47.59800756960148,243233.92383883166,163,740562,159.59800756960144,725168.9238388315
2505,725.0471228208987,207.03843568943896,72,344654,65.84254916595468,315688.6064800879,154,726025,147.84254916595467,697059.6064800879,87,390829,69.33046759747363,325669.4169468241,169,772200,151.3304675974736,707040.4169468242
2506,1467.6218294900862,252.64274504701356,58,295422,52.893031898502144,269569.2260746169,147,725575,141.8930318985021,699722.2260746169,63,324565,53.96863281113339,275778.54223860695,152,754718,142.96863281113335,705931.5422386071
2507,178.5407060318814,132.5718577935097,68,259388,59.09464230608167,227342.1295300631,198,749949,189.0946423060817,717903.1295300631,96,369030,65.95696942157723,255500.68957036233,226,859591,195.9569694215772,746061.6895703622
2509,3497.978454797458,816.4581164258134,92,377913,83.80112102829727,345746.2868523555,172,715775,163.80112102829736,683608.2868523556,98,403170,85.92290139382467,355288.3931609748,178,741032,165.92290139382476,693150.3931609747
2508,902.8386532267771,286.0020471054152,66,284366,60.71430041674067,262619.72726381384,160,683570,154.71430041674066,661823.7272638137,91,398102,67.64318480215458,294029.09821581683,185,797306,161.64318480215454,693233.0982158165
