geoid,carea,cperim,dperim_0.5,dpperim_0.5,dperim_pro_0.5,dpperim_pro_0.5,darea_0.5,dparea_0.5,darea_pro_0.5,dparea_pro_0.5,dperim_0.1,dpperim_0.1,dperim_pro_0.1,dpperim_pro_0.1,darea_0.1,dparea_0.1,darea_pro_0.1,dparea_pro_0.1
2201,15191.11642463869,1791.5378130245067,78,302517,71.11221679644653,279677.5383915295,193,731015,186.11221679644663,708175.5383915296,105,396513,79.00503936095541,306894.22310376307,220,825011,194.00503936095552,735392.2231037631
2206,11464.503483663138,1301.134274394472,69,345162,62.55919740236838,311785.7870382614,147,793064,140.55919740236843,759687.7870382613,86,417441,67.17602604128597,332556.09555582766,164,865343,145.17602604128598,780458.0955558277
2203,20234.683702425864,999.032144346033,25,116992,24.33139232012302,115457.46563803022,160,745993,159.33139232012306,744458.46563803,28,130425,25.580444878723426,120934.46264343052,163,759426,160.58044487872345,749935.4626434302
2204,33294.97868340831,1418.6318089206384,49,211957,48.04971845009531,206340.08671145237,180,759483,179.04971845009533,753866.0867114523,51,220783,48.347607157868325,207658.0128768505,182,768309,179.3476071578683,755184.0128768504
2205,38528.64390100873,2039.6880243409341,66,288809,64.70244811704164,282152.2632165404,188,754340,186.7024481170416,747683.2632165405,70,311741,65.43387708429155,286403.2794168611,192,777272,187.4338770842915,751934.2794168611
2202,3815.1165986671904,824.5652026736268,91,335580,80.81832850239832,297148.5093258236,267,738488,256.8183285023983,700056.5093258237,118,441495,88.1748086237174,328690.8767667173,294,844403,264.1748086237174,731598.8767667175
