geoid,carea,cperim,dperim_0.5,dpperim_0.5,dperim_pro_0.5,dpperim_pro_0.5,darea_0.5,dparea_0.5,darea_pro_0.5,dparea_pro_0.5,dperim_0.1,dpperim_0.1,dperim_pro_0.1,dpperim_pro_0.1,darea_0.1,dparea_0.1,darea_pro_0.1,dparea_pro_0.1
0903,1259.0855448080467,241.55522930693218,84,122313,74.97288004413325,110378.50177697955,524,709471,514.9728800441331,697536.5017769797,101,142253,79.76809855469155,115710.25599049796,541,729411,519.7680985546915,702868.255990498
0902,5305.664616201467,386.5832928236219,93,139404,86.71516734249175,131548.5543024353,490,711232,483.71516734249184,703376.5543024349,99,144849,88.52553197886438,133262.66110022948,496,716677,485.5255319788644,705090.6611002292
0904,1232.0192439045136,225.35719915228782,84,122637,76.24241862680614,113673.84942583185,508,702838,500.2424186268062,693874.8494258317,95,140571,79.16259312831367,118121.84440773052,519,720772,503.16259312831374,698322.8444077302
0901,1802.6257830437567,341.7736287926227,92,148226,90.36853580477222,145554.3204827438,534,715354,532.3685358047721,712682.3204827437,97,156564,91.80860259755904,148021.31997233612,539,723692,533.808602597559,715149.3199723361
0905,3316.2594696073957,414.9531332758765,118,179816,115.61407601613243,176287.77539795238,504,711343,501.6140760161323,707814.7753979523,123,188588,116.77761020301686,178429.20039635347,509,720115,502.77761020301676,709956.2003963534
