geoid,carea,cperim,dperim_0.5,dpperim_0.5,dperim_pro_0.5,dpperim_pro_0.5,darea_0.5,dparea_0.5,darea_pro_0.5,dparea_pro_0.5,dperim_0.1,dpperim_0.1,dperim_pro_0.1,dpperim_pro_0.1,darea_0.1,dparea_0.1,darea_pro_0.1,dparea_pro_0.1
2206,11464.503483663138,1301.134274394472,120,195586,111.89219514540243,182565.93653690015,438,754200,429.89219514540247,741179.9365369001,153,250921,121.04680122117246,199275.65653947764,471,809535,439.04680122117253,757889.6565394775
2202,3815.1165986671904,824.5652026736268,147,198405,132.6234631366704,176049.70455144928,767,754747,752.6234631366711,732391.7045514494,188,251428,143.8411407370158,191212.24673358398,808,807770,763.8411407370169,747554.246733584
2201,15191.11642463869,1791.5378130245067,137,182725,122.09240509947303,163413.80280739942,567,762225,552.092405099473,742913.8028073993,165,216133,130.6045451432244,173880.07615802772,595,795633,560.6045451432245,753380.0761580275
2203,20234.683702425864,999.032144346033,45,65911,43.7680759737037,64727.44670207638,521,751727,519.7680759737036,750543.446702076,49,71327,45.36364141698973,66868.08242091039,525,757143,521.3636414169898,752684.08242091
2204,33294.97868340831,1418.6318089206384,99,125912,96.68314363864192,122175.12868760483,595,758347,592.6831436386418,754610.1286876046,103,132179,97.94239692289365,124093.30178412715,599,764614,593.9423969228935,756528.3017841269
2205,38528.64390100873,2039.6880243409341,116,165387,113.84867606492539,162192.76690540367,569,748980,566.8486760649255,745785.7669054035,128,185847,117.33491515206909,168255.59769164366,581,769440,570.3349151520692,751848.5976916435
