geoid,carea,cperim,dperim_0.5,dpperim_0.5,dperim_pro_0.5,dpperim_pro_0.5,darea_0.5,dparea_0.5,darea_pro_0.5,dparea_pro_0.5,dperim_0.1,dpperim_0.1,dperim_pro_0.1,dpperim_pro_0.1,darea_0.1,dparea_0.1,darea_pro_0.1,dparea_pro_0.1
1601,103362.67727283973,2494.620291955732,51,260674,50.48522146177241,258532.90285334815,138,787676,137.4852214617724,785534.902853348,52,267725,50.62273229263884,259502.4917217873,139,794727,137.62273229263883,786504.4917217871
1602,113064.88961889717,1963.2616182086588,29,137076,28.750524489781156,135393.29824786313,160,779906,159.75052448978118,778223.298247863,30,140989,28.997847864839084,136361.0746144648,161,783819,159.99784786483912,779191.0746144647
