geoid,carea,cperim,dperim_0.5,dpperim_0.5,dperim_pro_0.5,dpperim_pro_0.5,darea_0.5,dparea_0.5,darea_pro_0.5,dparea_pro_0.5,dperim_0.1,dpperim_0.1,dperim_pro_0.1,dpperim_pro_0.1,darea_0.1,dparea_0.1,darea_pro_0.1,dparea_pro_0.1
4507,14122.544210692373,694.8908869634023,44,166720,43.59275867996761,165381.0386987104,161,659006,160.59275867996757,657667.0386987104,46,174415,44.089244863027005,167289.0912610711,163,666701,161.08924486302695,659575.091261071
4502,8047.985723905107,673.0251143735651,65,276019,60.566761662217566,254325.72320891568,156,676449,151.56676166221754,654755.7232089158,70,298736,61.9972489054597,260437.55017411197,161,699166,152.9972489054597,660867.5501741121
4506,21667.273419190722,1537.738046637701,89,355579,81.21954506391538,324365.4845572101,178,654652,170.21954506391555,623438.4845572104,116,488214,88.36045251657931,359620.89256016933,205,787287,177.36045251657944,658693.8925601695
4504,3398.6880665500335,339.8507989302083,33,138037,31.029054712773288,128252.80671704435,163,652701,161.0290547127733,642916.8067170443,40,181022,32.54006726145204,137399.10812001023,170,695686,162.54006726145207,652063.1081200101
4503,14164.338687677015,641.6620420437608,42,191436,40.325267801133,181803.8419287359,148,672324,146.325267801133,662691.841928736,49,226258,42.10336978097267,190415.62867091893,155,707146,148.10336978097266,671303.628670919
4505,14515.823679753761,820.9271630026418,54,277454,51.46807083431848,265022.43531234056,148,665114,145.46807083431844,652682.4353123404,61,307107,53.66368673095463,274178.90431699477,155,694767,147.66368673095457,661838.9043169946
4501,4732.918075766887,823.5036150381774,63,275208,59.14643259255204,260150.07897570278,143,645118,139.14643259255203,630060.0789757025,77,330153,62.81247122060309,276201.78711711004,157,700063,142.8124712206031,646111.7871171098
