geoid,carea,cperim,dperim_0.5,dpperim_0.5,dperim_pro_0.5,dpperim_pro_0.5,darea_0.5,dparea_0.5,darea_pro_0.5,dparea_pro_0.5,dperim_0.1,dpperim_0.1,dperim_pro_0.1,dpperim_pro_0.1,darea_0.1,dparea_0.1,darea_pro_0.1,dparea_pro_0.1
3101,23242.17320177117,935.1335337781902,46,168726,45.819741478528286,168012.5102852379,161,605675,160.81974147852833,604961.510285238,48,179268,46.307220759126224,170576.17220129893,163,616217,161.3072207591263,607525.1722012991
3102,1365.9607506037937,189.55401959264375,19,65825,18.389949482133932,62933.50366525144,180,611613,179.38994948213391,608721.5036652514,19,65825,18.389949482133932,62933.50366525144,180,611613,179.38994948213391,608721.5036652514
3103,175757.23733591882,2411.649047226321,60,180997,59.946761458889235,180770.91597242144,191,609053,190.94676145888926,608826.9159724215,60,180997,59.946761458889235,180770.91597242144,191,609053,190.94676145888926,608826.9159724215
