geoid,carea,cperim,dperim_0.5,dpperim_0.5,dperim_pro_0.5,dpperim_pro_0.5,darea_0.5,dparea_0.5,darea_pro_0.5,dparea_pro_0.5,dperim_0.1,dpperim_0.1,dperim_pro_0.1,dpperim_pro_0.1,darea_0.1,dparea_0.1,darea_pro_0.1,dparea_pro_0.1
5403,25415.58660241571,1247.0581256419061,114,133721,113.11803863750337,132785.2777052663,517,616141,516.1180386375033,615205.2777052664,114,133721,113.11803863750337,132785.2777052663,517,616141,516.1180386375033,615205.2777052664
5401,16411.962480428694,1137.1301701809555,140,158243,139.0951038519251,157380.36765884134,588,615991,587.0951038519252,615128.3676588412,140,158243,139.0951038519251,157380.36765884134,588,615991,587.0951038519252,615128.3676588412
5402,20887.579329294753,1544.4920835992798,122,164902,121.43419486094582,164162.76361808035,487,620862,486.4341948609458,620122.7636180804,123,165852,121.83321985756473,164541.83736486832,488,621812,486.8332198575647,620501.8373648684
