geoid,carea,cperim,dperim_0.5,dpperim_0.5,dperim_pro_0.5,dpperim_pro_0.5,darea_0.5,dparea_0.5,darea_pro_0.5,dparea_pro_0.5,dperim_0.1,dpperim_0.1,dperim_pro_0.1,dpperim_pro_0.1,darea_0.1,dparea_0.1,darea_pro_0.1,dparea_pro_0.1
0803,129240.30444389756,2057.394807512597,40,132227,39.20970879019515,129130.17394452948,192,719669,191.20970879019518,716572.1739445296,41,133625,39.343756483461675,129317.5726197161,193,721067,191.34375648346168,716759.5726197162
0806,1248.7450138134652,319.4731367148092,54,247078,48.795701260821644,219838.8191569199,170,717934,164.79570126082166,690694.8191569198,62,287244,51.23541098863241,232921.04881709686,178,758100,167.23541098863242,703777.0488170969
0807,912.1217548209756,222.4055726109617,37,143873,34.65282727997828,133283.06242665497,172,706490,169.65282727997825,695900.0624266549,52,219646,38.174676713868145,150976.86241812553,187,782263,173.17467671386817,713593.8624181254
0802,19740.32305312932,927.7950214244349,48,221002,45.14709296774662,208042.83828829756,182,730626,179.1470929677466,717666.8382882973,56,259464,47.29646585994023,218845.28326394063,190,769088,181.29646585994018,728469.2832639405
0801,495.20490631955926,206.17867767717374,52,238936,48.57489654913717,224897.01344733243,176,708206,172.57489654913715,694167.0134473324,61,280845,51.28969309589267,237798.8421475462,185,750115,175.28969309589263,707068.8421475461
0804,99110.15489703516,1787.4641157908834,55,201026,53.48690625471338,190844.4365902509,198,725406,196.4869062547133,715224.436590251,63,242417,55.87616539559248,202102.5444130907,206,766797,198.8761653955924,726482.5444130909
0805,18853.230779467427,729.917871847488,20,86778,19.8976744744992,86390.51737226012,159,720865,158.8976744744992,720477.51737226,21,92365,20.102006433363695,87532.12002643605,160,726452,159.1020064333637,721619.120026436
