geoid,carea,cperim,dperim_0.5,dpperim_0.5,dperim_pro_0.5,dpperim_pro_0.5,darea_0.5,dparea_0.5,darea_pro_0.5,dparea_pro_0.5,dperim_0.1,dpperim_0.1,dperim_pro_0.1,dpperim_pro_0.1,darea_0.1,dparea_0.1,darea_pro_0.1,dparea_pro_0.1
4901,53874.50773901302,1478.4514025773558,26,108769,25.61867594274121,106645.81909345345,145,680128,144.61867594274116,678004.8190934533,27,113169,25.999289513184163,108320.51880340245,146,684528,144.99928951318412,679679.5188034023
4904,6973.392271257836,565.6641223556591,44,210462,41.329695592182574,196483.86306808545,132,682476,129.3296955921826,668497.8630680856,50,244818,42.78210367618708,204884.8449534035,138,716832,130.7821036761871,676898.8449534038
4903,52378.14999124743,1728.4754401531954,51,229526,49.769666969293866,223207.97433486738,164,692274,162.76966696929387,685955.9743348673,56,254979,51.109050299531255,230376.42248849693,169,717727,164.10905029953128,693124.4224884969
4902,106568.90133937699,1839.4845317888862,44,220614,42.40307769946679,211719.32926240543,147,709007,145.40307769946676,700112.3292624055,48,240587,43.57522435326617,217840.39116279487,151,728980,146.57522435326615,706233.3911627949
