geoid,carea,cperim,dperim_0.5,dpperim_0.5,dperim_pro_0.5,dpperim_pro_0.5,darea_0.5,dparea_0.5,darea_pro_0.5,dparea_pro_0.5,dperim_0.1,dpperim_0.1,dperim_pro_0.1,dpperim_pro_0.1,darea_0.1,dparea_0.1,darea_pro_0.1,dparea_pro_0.1
3203,7477.187739002983,459.08493767331606,25,110137,22.057352200332502,98892.66870629169,163,686195,160.05735220033253,674950.6687062917,29,128411,22.965544475403707,103312.63164039765,167,704469,160.9655444754037,679370.6316403977
3204,132669.83535653263,1766.750719901235,37,136199,34.996669709045065,128051.02990770864,166,667861,163.99666970904502,659713.0299077085,43,163899,36.721516543627075,136389.66701815723,172,695561,165.72151654362705,668051.6670181572
3202,145849.9900666303,1760.6812474515623,23,61826,22.482391786507833,59101.614881315654,181,680318,180.48239178650783,677593.6148813156,23,61826,22.482391786507833,59101.614881315654,181,680318,180.48239178650783,677593.6148813156
3201,271.7888143212754,73.2578488445915,34,138330,31.85814123418518,128848.44492905925,177,666177,174.85814123418515,656695.4449290594,46,181898,35.67828842852803,142758.31767930882,189,709745,178.67828842852802,670605.3176793089
