geoid,carea,cperim,dperim_0.5,dpperim_0.5,dperim_pro_0.5,dpperim_pro_0.5,darea_0.5,dparea_0.5,darea_pro_0.5,dparea_pro_0.5,dperim_0.1,dpperim_0.1,dperim_pro_0.1,dpperim_pro_0.1,darea_0.1,dparea_0.1,darea_pro_0.1,dparea_pro_0.1
2507,178.5407060318814,132.5718577935097,105,130163,90.16074858555886,113226.03359176019,627,747628,612.1607485855588,730691.0335917602,167,204176,107.42827473371273,134123.89344992817,689,821641,629.4282747337127,751588.8934499281
2503,2035.7743781137185,310.45833228043995,83,128280,78.33393089226138,122779.29626334274,494,727976,489.3339308922614,722475.2962633427,89,138321,79.22024988818573,124259.1246699773,500,738017,490.2202498881858,723955.1246699773
2504,1814.3322475987572,333.4597469130265,128,215673,118.73816398034398,201349.762113126,457,708609,447.738163980344,694285.762113126,147,247831,123.41326875740228,209424.51214331912,476,740767,452.4132687574022,702360.512143319
2508,902.8386532267771,286.0020471054152,113,146800,102.21220379267646,134141.37892908714,570,700823,559.2122037926767,688164.378929087,155,198012,113.65543008058638,148157.68740587335,612,752035,570.6554300805867,702180.6874058731
2509,3497.978454797458,816.4581164258134,159,176746,141.8407986116505,160497.34936306564,576,713412,558.8407986116504,697163.3493630658,184,203470,150.12671438424476,169226.6032638494,601,740136,567.1267143842443,705892.6032638497
2505,725.0471228208987,207.03843568943896,119,159305,106.9992739865815,143908.84677959696,593,715969,580.9992739865818,700572.8467795969,155,204049,116.53248349611754,155466.5761295309,629,760713,590.5324834961178,712130.5761295309
2502,4447.048762634595,424.34791818883747,81,138629,79.06662018260033,134987.6323952352,512,728766,510.06662018260033,725124.6323952355,88,144577,80.83540517546713,136370.38439795,519,734714,511.83540517546714,726507.3843979503
2506,1467.6218294900862,252.64274504701356,97,147211,88.13958342322208,136549.27115434734,518,716184,509.1395834232221,705522.2711543473,116,170222,94.14879446312698,143974.8898259277,537,739195,515.1487944631269,712947.8898259276
2501,6213.667363734003,485.9908757464417,68,101748,67.43671189840047,100903.64555232134,578,727225,577.4367118984004,726380.6455523215,71,105443,68.15926314912856,101994.7127105591,581,730920,578.1592631491284,727471.7127105593
