geoid,carea,cperim,dperim_0.5,dpperim_0.5,dperim_pro_0.5,dpperim_pro_0.5,darea_0.5,dparea_0.5,darea_pro_0.5,dparea_pro_0.5,dperim_0.1,dpperim_0.1,dperim_pro_0.1,dpperim_pro_0.1,darea_0.1,dparea_0.1,darea_pro_0.1,dparea_pro_0.1
4502,8047.985723905107,673.0251143735651,104,176118,97.18794590876507,164450.2199607225,406,663830,399.187945908765,652162.2199607224,118,195659,101.447519211495,170253.1891918589,420,683371,403.447519211495,657965.1891918587
4504,3398.6880665500335,339.8507989302083,49,91766,45.98032012728419,84015.57277641939,407,656499,403.98032012728424,648748.5727764195,59,112914,48.83147141781739,90552.09768001008,417,677647,406.83147141781745,655285.0976800103
4507,14122.544210692373,694.8908869634023,77,96246,75.77126650297797,94829.1020362364,459,661496,457.77126650297816,660079.1020362364,78,97097,75.9657903270639,94994.64181053353,460,662347,457.96579032706416,660244.6418105336
4506,21667.273419190722,1537.738046637701,166,241242,153.89529253215048,222880.46423743054,527,664665,514.89529253215,646303.464237431,202,304229,163.57890899234647,240245.2017060604,563,727652,524.5789089923459,663668.2017060607
4501,4732.918075766887,823.5036150381774,96,166138,90.24323974785001,156668.1897103385,377,652328,371.24323974785017,642858.1897103386,118,202967,95.12944549427414,164946.8874617714,399,689157,376.1294454942742,651136.8874617714
4505,14515.823679753761,820.9271630026418,97,172622,93.75824377842058,167648.273990462,420,658741,416.75824377842065,653767.2739904618,109,191040,97.01505620714312,172819.3884286984,432,677159,420.01505620714323,658938.3884286984
4503,14164.338687677015,641.6620420437608,72,112433,68.70164948968181,105757.90264618347,456,666775,452.701649489682,660099.9026461836,78,128481,70.49685342120057,110859.20874186451,462,682823,454.49685342120074,665201.2087418647
