geoid,carea,cperim,dperim_0.5,dpperim_0.5,dperim_pro_0.5,dpperim_pro_0.5,darea_0.5,dparea_0.5,darea_pro_0.5,dparea_pro_0.5,dperim_0.1,dpperim_0.1,dperim_pro_0.1,dpperim_pro_0.1,darea_0.1,dparea_0.1,darea_pro_0.1,dparea_pro_0.1
5000,24902.648148362496,883.4194515066157,86,97322,85.66605948206929,96967.65345076012,522,625741,521.6660594820692,625386.65345076,86,97322,85.66605948206929,96967.65345076012,522,625741,521.6660594820692,625386.65345076
