geoid,carea,cperim,dperim_0.5,dpperim_0.5,dperim_pro_0.5,dpperim_pro_0.5,darea_0.5,dparea_0.5,darea_pro_0.5,dparea_pro_0.5,dperim_0.1,dpperim_0.1,dperim_pro_0.1,dpperim_pro_0.1,darea_0.1,dparea_0.1,darea_pro_0.1,dparea_pro_0.1
4600,199764.71845352324,2075.4858834155943,52,183228,51.95935880276669,183094.16860499594,222,814180,221.9593588027666,814046.1686049958,52,183228,51.95935880276669,183094.16860499594,222,814180,221.9593588027666,814046.1686049958
