geoid,carea,cperim,dperim_0.5,dpperim_0.5,dperim_pro_0.5,dpperim_pro_0.5,darea_0.5,dparea_0.5,darea_pro_0.5,dparea_pro_0.5,dperim_0.1,dpperim_0.1,dperim_pro_0.1,dpperim_pro_0.1,darea_0.1,dparea_0.1,darea_pro_0.1,dparea_pro_0.1
5000,24902.648148362496,883.4194515066157,52,176869,51.91633841794564,176593.90836336237,184,625741,183.91633841794558,625465.9083633625,52,176869,51.91633841794564,176593.90836336237,184,625741,183.91633841794558,625465.9083633625
