geoid,carea,cperim,dperim_0.5,dpperim_0.5,dperim_pro_0.5,dpperim_pro_0.5,darea_0.5,dparea_0.5,darea_pro_0.5,dparea_pro_0.5,dperim_0.1,dpperim_0.1,dperim_pro_0.1,dpperim_pro_0.1,darea_0.1,dparea_0.1,darea_pro_0.1,dparea_pro_0.1
1000,5243.984559101895,437.35317634558714,36,136715,34.00282810643904,130805.51062747197,214,897224,212.00282810643904,891314.5106274721,38,137425,34.602053813462376,131089.26551509037,216,897934,212.60205381346236,891598.2655150904
