geoid,carea,cperim,dperim_0.5,dpperim_0.5,dperim_pro_0.5,dpperim_pro_0.5,darea_0.5,dparea_0.5,darea_pro_0.5,dparea_pro_0.5,dperim_0.1,dpperim_0.1,dperim_pro_0.1,dpperim_pro_0.1,darea_0.1,dparea_0.1,darea_pro_0.1,dparea_pro_0.1
4600,199764.71845352324,2075.4858834155943,78,92991,77.89162830617832,92867.05308257342,654,814180,653.8916283061784,814056.053082573,78,92991,77.89162830617832,92867.05308257342,654,814180,653.8916283061784,814056.053082573
