geoid,carea,cperim,dperim_0.5,dpperim_0.5,dperim_pro_0.5,dpperim_pro_0.5,darea_0.5,dparea_0.5,darea_pro_0.5,dparea_pro_0.5,dperim_0.1,dpperim_0.1,dperim_pro_0.1,dpperim_pro_0.1,darea_0.1,dparea_0.1,darea_pro_0.1,dparea_pro_0.1
0406,1628.1857021966343,233.78718793112745,42,65210,39.75188608252593,61413.51179169895,510,708765,507.7518860825259,704968.5117916988,53,80275,42.67288879955338,65156.21364016686,521,723830,510.67288879955333,708711.2136401667
0403,40637.13120014013,1369.9890838047463,90,159159,84.11633347631079,149543.63448914743,422,700829,416.1163334763108,691213.6344891475,108,188205,89.00915569864904,157446.7642427709,440,729875,421.009155698649,699116.764242771
0402,20420.450234754248,705.1912161826125,65,104856,58.31771705656981,94746.7902600179,506,715693,499.3177170565698,705583.7902600183,73,118216,60.51469777996042,98073.80585064736,514,729053,501.51469777996044,708910.8058506479
0404,86549.00384723142,2766.2362945330924,98,156953,94.45415084173311,149160.08251414614,402,700206,398.45415084173345,692413.0825141461,116,191821,100.25603013922012,159370.9721237492,420,735074,404.25603013922034,702623.9721237492
0407,531.9702094750558,118.14171709468307,73,107393,69.0965286390575,101318.92626862112,447,714709,443.0965286390575,708634.9262686211,81,120974,71.46567603302951,105478.7361210207,455,728290,445.4656760330295,712794.7361210207
0401,142839.37004019748,2756.792250918392,78,119524,73.87615819708115,113384.24260760068,478,714425,473.8761581970812,708285.2426076006,95,151346,79.01384485073285,123683.2888390213,495,746247,479.0138448507329,718584.2888390212
0409,432.5372505484113,170.6187037259144,98,143955,93.33049670352183,137841.16116124604,508,713662,503.33049670352193,707548.1611612459,106,155644,95.36441365443916,140952.64831505506,516,725351,505.3644136544393,710659.648315055
0405,762.3681769625571,130.5194044835351,40,65372,38.564756623856326,63155.88720216446,423,709243,421.56475662385634,707026.8872021645,45,72117,39.20746075392008,64034.33798480122,428,715988,422.2074607539201,707905.3379848014
0408,1402.5632199880972,272.99249879151847,62,118305,58.323956797352906,111138.67468051596,481,711841,477.3239567973527,704674.6746805158,75,140671,62.331501924628455,118026.72723831957,494,734207,481.3315019246283,711562.7272383195
