geoid,carea,cperim,dperim_0.5,dpperim_0.5,dperim_pro_0.5,dpperim_pro_0.5,darea_0.5,dparea_0.5,darea_pro_0.5,dparea_pro_0.5,dperim_0.1,dpperim_0.1,dperim_pro_0.1,dpperim_pro_0.1,darea_0.1,dparea_0.1,darea_pro_0.1,dparea_pro_0.1
0106,10965.666754493588,911.5247920282947,62,303579,58.57384926806498,284292.6986151469,147,682931,143.573849268065,663644.698615147,79,375798,62.96930247127415,302795.87672702223,164,755150,147.96930247127418,682147.8767270222
0105,9981.289713559627,643.711995982385,37,184933,36.56164020831505,183294.8727382298,149,683019,148.56164020831503,681380.8727382296,37,184933,36.56164020831505,183294.8727382298,149,683019,148.56164020831503,681380.8727382296
0107,26610.75884082622,1456.1564075766646,87,320586,80.08591799141026,293611.8814376417,199,682001,192.08591799141027,655026.8814376418,105,404126,84.4230017782733,314144.0130692208,217,765541,196.4230017782733,675559.0130692214
0104,23589.27490977734,1194.7921365263535,70,300629,68.49678326122947,294199.45644527965,168,689905,166.49678326122947,683475.4564452796,72,307857,69.10805130803891,296980.3892191631,170,697133,167.1080513080389,686256.389219163
0101,16111.99911382444,1256.5419810554274,45,207991,42.11657780142324,197306.1622772944,165,666616,162.11657780142323,655931.1622772942,50,230100,43.79988306572289,205369.7877308715,170,688725,163.79988306572287,663994.7877308711
0103,20000.054677218297,979.626143054715,60,261717,58.67218636459638,254225.97795385824,166,684195,164.67218636459643,676703.9779538582,63,272529,59.52810252464209,257422.38150846807,169,695007,165.52810252464215,679900.3815084682
0102,26558.002121147958,1140.2016087666275,57,214949,54.90464275011277,207781.4592151386,183,679967,180.9046427501128,672799.4592151383,65,246454,57.212034883938394,217829.98055346546,191,711472,183.2120348839384,682847.9805534652
