geoid,carea,cperim,dperim_0.5,dpperim_0.5,dperim_pro_0.5,dpperim_pro_0.5,darea_0.5,dparea_0.5,darea_pro_0.5,dparea_pro_0.5,dperim_0.1,dpperim_0.1,dperim_pro_0.1,dpperim_pro_0.1,darea_0.1,dparea_0.1,darea_pro_0.1,dparea_pro_0.1
1198,176.96196119643727,63.66717378786393,33,41764,32.34524277346175,40953.77856137597,450,601723,449.34524277346173,600912.778561376,33,41764,32.34524277346175,40953.77856137597,450,601723,449.34524277346173,600912.778561376
