geoid,carea,cperim,dperim_0.5,dpperim_0.5,dperim_pro_0.5,dpperim_pro_0.5,darea_0.5,dparea_0.5,darea_pro_0.5,dparea_pro_0.5,dperim_0.1,dpperim_0.1,dperim_pro_0.1,dpperim_pro_0.1,darea_0.1,dparea_0.1,darea_pro_0.1,dparea_pro_0.1
4005,5433.2810282876535,493.19443942833675,70,88321,67.91577465916994,86015.29882167162,686,749496,683.9157746591699,747190.2988216717,74,93307,69.22630504405272,87626.1030245384,690,754482,685.2263050440527,748801.1030245384
4001,4379.034788231571,494.54995989144777,54,81964,53.086001798471834,80268.45005780614,523,750431,522.086001798472,748735.450057806,57,87616,53.80956423690191,81804.83630922587,526,756083,522.809564236902,750271.8363092256
4003,89142.49600888556,1999.545556867707,93,129455,92.45140697411338,128734.93567320291,593,746369,592.4514069741132,745648.9356732032,100,143105,93.92335785111754,131269.58481140918,600,760019,593.9233578511173,748183.5848114095
4002,56349.926408729494,1501.7153213257714,93,133332,92.16717525591068,131500.97084844884,602,753647,601.1671752559106,751815.9708484487,93,133332,92.16717525591068,131500.97084844884,602,753647,601.1671752559106,751815.9708484487
4004,25726.088530368044,1069.1111607710932,72,100576,70.27738583480875,98270.17453467919,561,751408,559.2773858348088,749102.1745346793,75,103233,71.00176810193209,98920.28910906428,564,754065,560.0017681019323,749752.2891090644
