geoid,carea,cperim,dperim_0.5,dpperim_0.5,dperim_pro_0.5,dpperim_pro_0.5,darea_0.5,dparea_0.5,darea_pro_0.5,dparea_pro_0.5,dperim_0.1,dpperim_0.1,dperim_pro_0.1,dpperim_pro_0.1,darea_0.1,dparea_0.1,darea_pro_0.1,dparea_pro_0.1
2103,871.2039504581479,158.46664742942042,33,55041,32.457110544402674,53979.78161379462,562,721540,561.4571105444027,720478.7816137947,38,61807,33.86979870046957,55898.28025902527,567,728306,562.8697987004696,722397.2802590254
2106,11269.379693497995,746.6700749603605,55,80565,53.79992451041992,78834.77838281212,515,724467,513.7999245104199,722736.7783828122,59,87460,54.627972106263705,80042.84051909407,519,731362,514.6279721062638,723944.8405190941
2102,18975.314262476033,1285.3351347665127,100,139078,97.69951701832416,135693.1060478904,509,721922,506.6995170183241,718537.1060478905,104,148591,98.84777861806785,138762.4246297551,513,731435,507.8477786180678,721606.4246297553
2101,32507.756291153604,1699.7726664459838,130,151358,129.48814104534796,150782.14274901972,595,722765,594.4881410453476,722189.1427490195,131,152591,129.9053427270218,151296.55242252356,596,723998,594.9053427270213,722703.5524225233
2105,29417.098527625316,1117.644842754952,101,117744,100.14550134246448,116626.96367434574,608,722327,607.1455013424644,721209.9636743455,104,123144,101.14955493632151,118251.72512883958,611,727727,608.1495549363215,722834.7251288393
2104,11625.0044609153,944.9980855773243,128,171146,123.2944400239807,163311.44020574738,496,726346,491.29444002398094,718511.440205747,133,180164,124.61183978291251,165601.96593301056,501,735364,492.6118397829127,720801.9659330102
