geoid,carea,cperim,dperim_0.5,dpperim_0.5,dperim_pro_0.5,dpperim_pro_0.5,darea_0.5,dparea_0.5,darea_pro_0.5,dparea_pro_0.5,dperim_0.1,dpperim_0.1,dperim_pro_0.1,dpperim_pro_0.1,darea_0.1,dparea_0.1,darea_pro_0.1,dparea_pro_0.1
3000,381179.23254006315,3022.355980350555,57,57849,56.93506537222686,57776.84191479201,842,989415,841.9350653722266,989342.8419147916,57,57849,56.93506537222686,57776.84191479201,842,989415,841.9350653722266,989342.8419147916
