geoid,carea,cperim,dperim_0.5,dpperim_0.5,dperim_pro_0.5,dpperim_pro_0.5,darea_0.5,dparea_0.5,darea_pro_0.5,dparea_pro_0.5,dperim_0.1,dpperim_0.1,dperim_pro_0.1,dpperim_pro_0.1,darea_0.1,dparea_0.1,darea_pro_0.1,dparea_pro_0.1
1501,550.8640878929014,148.74239461759612,54,86115,48.323627495027715,78298.95675902892,406,662528,400.3236274950277,654711.956759029,71,103665,53.92348788500758,84489.93458918425,423,680078,405.9234878850076,660902.9345891841
1502,16150.5492445514,1420.9873588825176,144,201795,122.36413902261485,172925.51782687986,390,636195,368.36413902261495,607325.5178268799,177,244139,132.53061683242305,185204.894248242,423,678539,378.5306168324232,619604.894248242
