geoid,carea,cperim,dperim_0.5,dpperim_0.5,dperim_pro_0.5,dpperim_pro_0.5,darea_0.5,dparea_0.5,darea_pro_0.5,dparea_pro_0.5,dperim_0.1,dpperim_0.1,dperim_pro_0.1,dpperim_pro_0.1,darea_0.1,dparea_0.1,darea_pro_0.1,dparea_pro_0.1
5402,20887.579329294753,1544.4920835992798,64,294309,63.82294321791906,293544.44190958113,145,620862,144.8229432179191,620097.4419095812,64,294309,63.82294321791906,293544.44190958113,145,620862,144.8229432179191,620097.4419095812
5401,16411.962480428694,1137.1301701809555,73,268515,72.60550885314791,267535.1899501534,177,615991,176.60550885314794,615011.1899501536,73,268515,72.60550885314791,267535.1899501534,177,615991,176.60550885314794,615011.1899501536
5403,25415.58660241571,1247.0581256419061,62,234327,61.83335934309536,233797.4580163048,162,616141,161.8333593430954,615611.4580163049,62,234327,61.83335934309536,233797.4580163048,162,616141,161.8333593430954,615611.4580163049
