geoid,carea,cperim,dperim_0.5,dpperim_0.5,dperim_pro_0.5,dpperim_pro_0.5,darea_0.5,dparea_0.5,darea_pro_0.5,dparea_pro_0.5,dperim_0.1,dpperim_0.1,dperim_pro_0.1,dpperim_pro_0.1,darea_0.1,dparea_0.1,darea_pro_0.1,dparea_pro_0.1
4708,18120.68841196812,885.6600224852161,84,144895,79.75980299576094,135563.84802778027,475,708496,470.75980299576077,699164.8480277803,101,175913,84.41815165975434,143762.94803068673,492,739514,475.41815165975424,707363.9480306868
4703,12215.227852363714,994.7659630784549,104,158669,101.31814063932912,154421.6123353921,500,706836,497.31814063932904,702588.612335392,107,162150,102.52759709767864,155870.7571321313,503,710317,498.5275970976786,704037.7571321314
4707,24133.91466336342,1050.0906504053537,107,197077,104.85973691211402,192862.20439319607,413,705371,410.85973691211416,701156.2043931958,112,203015,106.28803680780744,194249.88708485177,418,711309,412.28803680780754,702543.8870848515
4704,15722.48134560311,1019.0203492387218,103,187468,99.71568738022518,182512.16054752073,399,702572,395.7156873802253,697616.1605475203,114,207048,102.29590620156404,187180.07925757745,410,722152,398.29590620156415,702284.0792575771
4705,3295.6175900954863,331.2822611707404,43,93529,41.950960131811726,90953.77719565717,518,704381,516.9509601318117,701805.7771956573,45,95447,42.70605503726763,91644.22524088524,520,706299,517.7060550372677,702496.2252408853
4702,6294.9719157006575,720.1616087601266,72,119251,69.59857325536593,115774.04063743219,419,705263,416.59857325536586,701786.0406374322,76,124913,70.92289943540585,117730.01919723727,423,710925,417.92289943540584,703742.0191972373
4701,10942.786777158704,718.2487787999058,79,122292,77.63866001068479,119813.30276353145,463,706103,461.6386600106848,703624.3027635316,79,122292,77.63866001068479,119813.30276353145,463,706103,461.6386600106848,703624.3027635316
4709,1309.9569890255557,273.48635011358084,50,88280,45.089316163509764,79569.68805941257,519,701654,514.0893161635097,692943.6880594121,63,122089,48.63909035679112,87757.90826325743,532,735463,517.639090356791,701131.9082632569
4706,17097.57962953219,831.0137336974445,86,150121,84.11880128952244,147537.70973464823,419,705429,417.1188012895223,702845.7097346483,89,155666,84.60820156062029,148397.2410233755,422,710974,417.60820156062016,703705.2410233755
