geoid,carea,cperim,dperim_0.5,dpperim_0.5,dperim_pro_0.5,dpperim_pro_0.5,darea_0.5,dparea_0.5,darea_pro_0.5,dparea_pro_0.5,dperim_0.1,dpperim_0.1,dperim_pro_0.1,dpperim_pro_0.1,darea_0.1,dparea_0.1,darea_pro_0.1,dparea_pro_0.1
1198,176.96196119643727,63.66717378786393,22,79072,21.707864937539444,78197.80681559625,179,601723,178.7078649375394,600848.8068155964,22,79072,21.707864937539444,78197.80681559625,179,601723,178.7078649375394,600848.8068155964
