geoid,carea,cperim,dperim_0.5,dpperim_0.5,dperim_pro_0.5,dpperim_pro_0.5,darea_0.5,dparea_0.5,darea_pro_0.5,dparea_pro_0.5,dperim_0.1,dpperim_0.1,dperim_pro_0.1,dpperim_pro_0.1,darea_0.1,dparea_0.1,darea_pro_0.1,dparea_pro_0.1
2302,75595.91062045725,2167.079311356553,63,219594,58.001709192675655,203164.02205927126,198,660391,193.00170919267566,643961.0220592712,65,224568,58.57252176296897,204553.504756904,200,665365,193.57252176296896,645350.504756904
2301,9407.044457984814,1047.5388484557684,67,291094,60.301689688399236,265927.17912905384,145,643777,138.30168968839925,618610.1791290536,74,316743,62.97668052439679,275942.0742949268,152,669426,140.9766805243968,628625.0742949266
