geoid,carea,cperim,dperim_0.5,dpperim_0.5,dperim_pro_0.5,dpperim_pro_0.5,darea_0.5,dparea_0.5,darea_pro_0.5,dparea_pro_0.5,dperim_0.1,dpperim_0.1,dperim_pro_0.1,dpperim_pro_0.1,darea_0.1,dparea_0.1,darea_pro_0.1,dparea_pro_0.1
2403,844.2082562449139,505.58578933092406,253,386344,223.2700580905742,340340.8986663929,512,738124,482.2700580905741,692120.8986663928,328,500021,244.0027115867351,371874.9840314888,587,851801,503.00271158673524,723654.9840314887
2407,1274.2955751335962,345.346398906006,123,171308,111.44145905404406,154542.99424457218,623,706473,611.4414590540437,689707.9942445724,167,230966,124.34538423087253,171470.43845493757,667,766131,624.3453842308722,706635.4384549374
2406,5169.082271758265,849.2678136292066,122,189569,115.99733180976182,178762.6464292171,465,734301,458.9973318097618,723494.6464292172,148,230715,123.2735546648757,190268.24124961108,491,775447,466.2735546648756,735000.2412496111
2405,4190.157553713821,445.51295246644736,106,187001,93.93611633522605,166658.10898618493,400,726360,387.9361163352262,706017.1089861848,120,209264,98.00751068164003,173223.112485128,414,748623,392.0075106816401,712582.112485128
2404,811.7592776055791,286.89892152578955,133,229574,122.59872415222696,210608.67334527583,425,699288,414.59872415222713,680322.673345276,165,293091,130.24801640704845,225763.86326657422,457,762805,422.2480164070485,695477.8632665743
2401,11497.68770072254,1358.5965751876206,151,213040,134.8865624720469,191782.00657156316,500,728301,483.88656247204705,707043.0065715628,168,240816,139.16744286839872,199171.55124118776,517,756077,488.16744286839895,714432.5512411876
2408,2245.1044566424157,493.71345058889784,123,184810,109.82210804221936,163098.50992698863,518,732130,504.8221080422193,710418.5099269889,153,237321,117.62643604991571,176864.76928779393,548,784641,512.6264360499158,724184.769287794
2402,1044.2165047553244,446.3896821877719,155,241580,136.524733844017,212779.80200914954,462,702442,443.5247338440169,673641.8020091491,220,345779,154.92437577947746,241917.8561001322,527,806641,461.92437577947743,702779.8561001319
