geoid,carea,cperim,dperim_0.5,dpperim_0.5,dperim_pro_0.5,dpperim_pro_0.5,darea_0.5,dparea_0.5,darea_pro_0.5,dparea_pro_0.5,dperim_0.1,dpperim_0.1,dperim_pro_0.1,dpperim_pro_0.1,darea_0.1,dparea_0.1,darea_pro_0.1,dparea_pro_0.1
3201,271.7888143212754,73.2578488445915,59,84490,54.61726337620749,79167.88992367513,510,672409,505.61726337620746,667086.889923675,73,108554,58.69720847661998,86586.13965790368,524,696473,509.69720847661995,674505.1396579037
3204,132669.83535653263,1766.750719901235,61,89691,56.98365271499991,83344.53578436296,436,673183,431.9836527149999,666836.5357843629,72,103481,60.22707546338569,87105.41372817253,447,686973,435.22707546338575,670597.4137281727
3202,145849.9900666303,1760.6812474515623,32,32162,31.321529255362552,31506.37003069862,493,677011,492.3215292553626,676355.3700306986,32,32162,31.321529255362552,31506.37003069862,493,677011,492.3215292553626,676355.3700306986
3203,7477.187739002983,459.08493767331606,33,71907,30.56172984176639,65895.49219198333,397,677948,394.56172984176635,671936.4921919833,42,88182,32.50849480016752,69740.74953358053,406,694223,396.5084948001675,675781.7495335805
