geoid,carea,cperim,dperim_0.5,dpperim_0.5,dperim_pro_0.5,dpperim_pro_0.5,darea_0.5,dparea_0.5,darea_pro_0.5,dparea_pro_0.5,dperim_0.1,dpperim_0.1,dperim_pro_0.1,dpperim_pro_0.1,darea_0.1,dparea_0.1,darea_pro_0.1,dparea_pro_0.1
5600,253574.26411540815,2031.209266172584,25,114619,24.997748844412506,114608.31047497525,132,563626,131.9977488444125,563615.3104749753,25,114619,24.997748844412506,114608.31047497525,132,563626,131.9977488444125,563615.3104749753
