geoid,carea,cperim,dperim_0.5,dpperim_0.5,dperim_pro_0.5,dpperim_pro_0.5,darea_0.5,dparea_0.5,darea_pro_0.5,dparea_pro_0.5,dperim_0.1,dpperim_0.1,dperim_pro_0.1,dpperim_pro_0.1,darea_0.1,dparea_0.1,darea_pro_0.1,dparea_pro_0.1
3000,381179.23254006315,3022.355980350555,45,104342,44.95423126984589,104229.2243957239,271,989415,270.95423126984593,989302.2243957238,45,104342,44.95423126984589,104229.2243957239,271,989415,270.95423126984593,989302.2243957238
