geoid,carea,cperim,dperim_0.5,dpperim_0.5,dperim_pro_0.5,dpperim_pro_0.5,darea_0.5,dparea_0.5,darea_pro_0.5,dparea_pro_0.5,dperim_0.1,dpperim_0.1,dperim_pro_0.1,dpperim_pro_0.1,darea_0.1,dparea_0.1,darea_pro_0.1,dparea_pro_0.1
0504,58875.936107102476,1579.058236533514,100,130973,97.17132285864322,127556.09309402645,597,726535,594.1713228586434,723118.0930940269,108,144579,100.19784381308601,132908.0139481277,605,740141,597.1978438130861,728470.0139481281
0502,13187.228941642612,772.9238365157972,53,88252,52.757308905715306,87872.69606808628,494,729192,493.7573089057152,728812.6960680862,53,88252,52.757308905715306,87872.69606808628,494,729192,493.7573089057152,728812.6960680862
0501,51258.92892175844,2154.7843223577497,111,137610,110.05894829874748,136711.65622887376,606,729077,605.0589482987473,728178.6562288739,113,138944,110.82990558939898,137238.41637058865,608,730411,605.8299055893988,728705.4163705887
0503,14346.459568083534,1097.275117884587,71,119080,67.61487146478659,113062.70915517982,450,731114,446.6148714647867,725096.7091551797,78,128279,69.53342851769182,115461.83517440919,457,740313,448.53342851769196,727495.8351744091
