geoid,carea,cperim,dperim_0.5,dpperim_0.5,dperim_pro_0.5,dpperim_pro_0.5,darea_0.5,dparea_0.5,darea_pro_0.5,dparea_pro_0.5,dperim_0.1,dpperim_0.1,dperim_pro_0.1,dpperim_pro_0.1,darea_0.1,dparea_0.1,darea_pro_0.1,dparea_pro_0.1
4004,25726.088530368044,1069.1111607710932,40,152913,39.363520508313094,150013.6663579233,192,746381,191.3635205083131,743481.6663579232,43,168077,40.31234319275131,154846.716626014,195,761545,192.31234319275129,748314.716626014
4001,4379.034788231571,494.54995989144777,33,123378,32.34094645773413,121442.35081014661,215,745837,214.3409464577341,743901.3508101465,37,139038,33.280100329601375,125245.2349115997,219,761497,215.28010032960134,747704.2349115997
4003,89142.49600888556,1999.545556867707,62,227764,61.61030134803475,225756.91633927,196,749010,195.61030134803468,747002.9163392698,64,232257,62.199743725980916,227131.3158942358,198,753503,196.19974372598085,748377.3158942356
4005,5433.2810282876535,493.19443942833675,41,149410,39.57656533084695,143069.7559380535,246,754523,244.57656533084696,748182.7559380538,42,155959,39.90934489369377,145249.12929513736,247,761072,244.90934489369377,750362.1292951377
4002,56349.926408729494,1501.7153213257714,59,224842,58.20470781972302,222136.1137602358,197,755600,196.204707819723,752894.1137602356,59,224842,58.20470781972302,222136.1137602358,197,755600,196.204707819723,752894.1137602356
