geoid,carea,cperim,dperim_0.5,dpperim_0.5,dperim_pro_0.5,dpperim_pro_0.5,darea_0.5,dparea_0.5,darea_pro_0.5,dparea_pro_0.5,dperim_0.1,dpperim_0.1,dperim_pro_0.1,dpperim_pro_0.1,darea_0.1,dparea_0.1,darea_pro_0.1,dparea_pro_0.1
2904,38027.746828235184,1390.4350323506378,95,130140,92.40984435738685,126833.72760265224,536,750565,533.409844357387,747258.7276026519,103,144937,94.04235415721388,129667.51529516692,544,765362,535.0423541572139,750092.5152951666
2902,1242.8515754298346,227.4941546595496,72,127943,64.44652393730622,114378.9466475837,439,746960,431.4465239373064,733395.9466475839,108,188888,73.49567543517551,128793.33453022594,475,807905,440.49567543517566,747810.3345302263
2903,18115.130393987085,923.7052064085048,119,207431,113.26803539678382,195513.1395705553,452,748888,446.26803539678406,736970.1395705551,138,247959,118.0690336263444,205658.23389101736,471,789416,451.0690336263447,747115.2338910173
2907,16490.74594136202,668.5929461136545,48,67638,47.72079270944707,67214.07990357674,504,748683,503.72079270944704,748259.079903577,50,70179,48.43046788058937,68148.16290433671,506,751224,504.43046788058933,749193.1629043368
2901,613.8518733314934,149.54349260647453,58,67838,51.56847570482679,60331.759560712206,697,749947,690.5684757048266,742440.759560712,73,86092,55.427229952599966,64960.80181313529,712,768201,694.4272299525996,747069.8018131352
2908,52003.79120521813,1332.1145675266898,94,107149,92.49812762304451,105233.37877274828,629,747017,627.4981276230444,745101.3787727483,97,113297,93.16671054407779,106609.01771542683,632,753165,628.1667105440778,746477.0177154267
2905,6360.859324173479,621.0453283274336,87,127095,82.27637502279772,120310.9637680143,641,741078,636.2763750227978,734293.9637680146,100,149591,86.79662909501613,128359.59381536214,654,763574,640.7966290950162,742342.5938153624
2906,47629.62434295171,1564.6446109154513,113,134691,108.10828385677048,126046.61473413225,608,755789,603.1082838567705,747144.6147341324,123,145082,111.38589394256984,129524.44551337237,618,766180,606.3858939425699,750622.4455133728
