geoid,carea,cperim,dperim_0.5,dpperim_0.5,dperim_pro_0.5,dpperim_pro_0.5,darea_0.5,dparea_0.5,darea_pro_0.5,dparea_pro_0.5,dperim_0.1,dpperim_0.1,dperim_pro_0.1,dpperim_pro_0.1,darea_0.1,dparea_0.1,darea_pro_0.1,dparea_pro_0.1
3800,183135.05380286564,1835.1092211284213,76,96114,74.61339552906452,94359.30138659157,572,672591,570.6133955290644,670836.3013865915,76,96114,74.61339552906452,94359.30138659157,572,672591,570.6133955290644,670836.3013865915
