geoid,carea,cperim,dperim_0.5,dpperim_0.5,dperim_pro_0.5,dpperim_pro_0.5,darea_0.5,dparea_0.5,darea_pro_0.5,dparea_pro_0.5,dperim_0.1,dpperim_0.1,dperim_pro_0.1,dpperim_pro_0.1,darea_0.1,dparea_0.1,darea_pro_0.1,dparea_pro_0.1
1000,5243.984559101895,437.35317634558714,55,80183,51.47914429268147,76393.46585080329,569,897489,565.4791442926816,893699.4658508033,58,80628,52.357004042620666,76533.57612334825,572,897934,566.3570040426207,893839.5761233482
