geoid,carea,cperim,dperim_0.5,dpperim_0.5,dperim_pro_0.5,dpperim_pro_0.5,darea_0.5,dparea_0.5,darea_pro_0.5,dparea_pro_0.5,dperim_0.1,dpperim_0.1,dperim_pro_0.1,dpperim_pro_0.1,darea_0.1,dparea_0.1,darea_pro_0.1,dparea_pro_0.1
2908,52003.79120521813,1332.1145675266898,59,247812,57.92266238506856,242093.42958774065,175,751697,173.92266238506858,745978.4295877409,61,258697,58.52892693800693,245399.75479601522,177,762582,174.52892693800695,749284.7547960153
2904,38027.746828235184,1390.4350323506378,51,227232,49.55648290234268,221498.09188191447,163,752257,161.55648290234274,746523.0918819144,55,244028,50.18147665025012,224202.4531429907,167,769053,162.1814766502502,749227.4531429908
2902,1242.8515754298346,227.4941546595496,52,251768,45.433551175049345,217520.80431953204,151,767453,144.4335511750493,733205.804319532,69,322472,48.787748287307465,231358.0244477881,168,838157,147.7877482873074,747043.024447788
2901,613.8518733314934,149.54349260647453,37,146887,34.987003551294336,139466.1802200679,193,737305,190.9870035512943,729884.180220068,47,203400,37.900299555004906,155862.41193876206,203,793818,193.90029955500484,746280.4119387623
2903,18115.130393987085,923.7052064085048,68,327598,64.92164338225432,312812.60165046493,149,736445,145.9216433822543,721659.6016504647,82,393737,69.35644803932443,334252.01555548527,163,802584,150.35644803932442,743099.0155554848
2905,6360.859324173479,621.0453283274336,50,206827,46.93872106488638,192177.1955587954,215,744220,211.93872106488638,729570.1955587956,58,254506,49.20827812694191,204896.5882664136,223,791899,214.20827812694196,742289.5882664137
2907,16490.74594136202,668.5929461136545,27,147835,26.857278555972883,147386.18297963755,150,748683,149.85727855597293,748234.1829796375,28,152470,27.062113616851892,148335.59348681176,151,753318,150.06211361685192,749183.5934868117
2906,47629.62434295171,1564.6446109154513,72,264032,69.53751951741836,250556.39228726857,197,750867,194.5375195174183,737391.3922872688,79,299082,72.26538447439012,263450.14049769973,204,785917,197.2653844743901,750285.1404977
