geoid,carea,cperim,dperim_0.5,dpperim_0.5,dperim_pro_0.5,dpperim_pro_0.5,darea_0.5,dparea_0.5,darea_pro_0.5,dparea_pro_0.5,dperim_0.1,dpperim_0.1,dperim_pro_0.1,dpperim_pro_0.1,darea_0.1,dparea_0.1,darea_pro_0.1,dparea_pro_0.1
1804,16511.59077307443,690.8907595161194,78,122536,76.42372413759644,120178.03259499927,521,721549,519.4237241375962,719191.032594999,79,123140,76.84690787400923,120433.63557179258,522,722153,519.8469078740092,719446.6355717924
1805,5021.981565142576,406.8291862246711,65,108399,61.13688752690468,103701.29026888817,436,723676,432.1368875269046,718978.2902688879,77,126376,64.94172921300091,109723.93911896461,448,741653,435.9417292130009,725000.9391189642
1801,3008.992295227123,283.3366420819807,51,76161,44.62682089894562,69298.86355103274,487,714900,480.6268208989456,708037.8635510327,59,87040,47.513524179023335,73157.67803878964,495,725779,483.5135241790233,711896.6780387897
1807,790.2857536285596,125.72148286564897,54,124281,50.522311175876226,118274.84655719638,511,717333,507.5223111758761,711326.8465571962,64,139446,52.905368931696216,121402.33573091154,521,732498,509.9053689316961,714454.3357309116
1802,10374.20834396849,523.566672342569,60,86816,57.85595718398661,82911.12963316949,577,722885,574.8559571839864,718980.1296331694,70,102196,60.560376922503444,86907.81791715286,587,738265,577.5603769225033,722976.8179171527
1809,11755.424422022374,620.7240128186965,68,97162,66.48230921354032,95394.77492456768,495,718734,493.48230921354025,716966.7749245679,72,103489,67.92884285764089,97934.21953769996,499,725061,494.92884285764086,719506.2195377002
1806,16179.341362138211,648.0445982934789,78,110639,77.05744424285628,108569.83869474559,566,721311,565.0574442428564,719241.8386947457,79,112316,77.21470890223543,108833.57152852442,567,722988,565.2147089022355,719505.5715285245
1803,10959.248596537096,513.3283970760216,55,64713,53.53184905578066,63067.88569076793,570,717402,568.5318490557808,715756.885690768,61,73943,54.95246924231305,65173.71815918008,576,726632,569.9524692423133,717862.7181591803
1808,19050.461643835188,999.5079449417723,82,93845,80.55247620563132,92416.41511652558,643,720412,641.5524762056311,718983.4151165258,84,96231,81.26401565819415,93268.63711698854,645,722798,642.2640156581939,719835.6371169889
