geoid,carea,cperim,dperim_0.5,dpperim_0.5,dperim_pro_0.5,dpperim_pro_0.5,darea_0.5,dparea_0.5,darea_pro_0.5,dparea_pro_0.5,dperim_0.1,dpperim_0.1,dperim_pro_0.1,dpperim_pro_0.1,darea_0.1,dparea_0.1,darea_pro_0.1,dparea_pro_0.1
4904,6973.392271257836,565.6641223556591,72,118763,69.41916058849584,114872.30411594792,388,680835,385.41916058849586,676944.3041159479,84,143556,72.75955061383014,122646.71551904839,400,705628,388.7595506138302,684718.7155190484
4902,106568.90133937699,1839.4845317888862,62,123015,58.98628828244094,115112.79858379166,416,704133,412.98628828244085,696230.7985837917,68,131056,60.26130143072513,116808.36871398619,422,712174,414.26130143072504,697926.3687139862
4903,52378.14999124743,1728.4754401531954,83,124205,80.05980798332638,119809.06230674076,456,693109,453.0598079833264,688713.0623067408,88,131364,81.1599871806238,121273.99376471655,461,700268,454.1599871806238,690177.9937647165
4901,53874.50773901302,1478.4514025773558,37,45364,36.331914464849916,44454.794680245985,430,685808,429.33191446485,684898.794680246,40,51032,37.20236034118445,46148.96728832115,433,691476,430.20236034118454,686592.9672883211
