geoid,carea,cperim,dperim_0.5,dpperim_0.5,dperim_pro_0.5,dpperim_pro_0.5,darea_0.5,dparea_0.5,darea_pro_0.5,dparea_pro_0.5,dperim_0.1,dpperim_0.1,dperim_pro_0.1,dpperim_pro_0.1,darea_0.1,dparea_0.1,darea_pro_0.1,dparea_pro_0.1
3800,183135.05380286564,1835.1092211284213,53,160421,52.37329438998405,157977.21006215608,205,672591,204.37329438998407,670147.2100621562,53,160421,52.37329438998405,157977.21006215608,205,672591,204.37329438998407,670147.2100621562
