geoid,carea,cperim,dperim_0.5,dpperim_0.5,dperim_pro_0.5,dpperim_pro_0.5,darea_0.5,dparea_0.5,darea_pro_0.5,dparea_pro_0.5,dperim_0.1,dpperim_0.1,dperim_pro_0.1,dpperim_pro_0.1,darea_0.1,dparea_0.1,darea_pro_0.1,dparea_pro_0.1
0200,1530568.3683448422,29398.810394415465,125,148269,103.58721760848402,121120.21674530824,504,670156,482.58721760848397,643007.2167453083,154,187047,112.12011914451614,132493.83059755305,533,708934,491.12011914451614,654380.8305975532
