geoid,carea,cperim,dperim_0.5,dpperim_0.5,dperim_pro_0.5,dpperim_pro_0.5,darea_0.5,dparea_0.5,darea_pro_0.5,dparea_pro_0.5,dperim_0.1,dpperim_0.1,dperim_pro_0.1,dpperim_pro_0.1,darea_0.1,dparea_0.1,darea_pro_0.1,dparea_pro_0.1
0200,1530568.3683448422,29398.810394415465,57,189967,46.94284962925035,155427.64217034788,153,642730,142.94284962925036,608190.6421703479,71,257468,51.545519880318764,176406.65104726187,167,710231,147.54551988031875,629169.6510472619
