geoid,carea,cperim,dperim_0.5,dpperim_0.5,dperim_pro_0.5,dpperim_pro_0.5,darea_0.5,dparea_0.5,darea_pro_0.5,dparea_pro_0.5,dperim_0.1,dpperim_0.1,dperim_pro_0.1,dpperim_pro_0.1,darea_0.1,dparea_0.1,darea_pro_0.1,dparea_pro_0.1
1602,113064.88961889717,1963.2616182086588,44,70716,43.313339656959045,69318.98757302943,528,779906,527.3133396569591,778508.9875730295,47,76141,43.94978785583087,70580.2438018845,531,785331,527.9497878558309,779770.2438018846
1601,103362.67727283973,2494.620291955732,84,144130,82.93414033287823,142057.83862040658,435,787676,433.9341403328781,785603.8386204065,86,147622,83.41752898733702,142901.70022720133,437,791168,434.4175289873369,786447.7002272013
