geoid,carea,cperim,dperim_0.5,dpperim_0.5,dperim_pro_0.5,dpperim_pro_0.5,darea_0.5,dparea_0.5,darea_pro_0.5,dparea_pro_0.5,dperim_0.1,dpperim_0.1,dperim_pro_0.1,dpperim_pro_0.1,darea_0.1,dparea_0.1,darea_pro_0.1,dparea_pro_0.1
2801,27791.433697948112,990.0874007421758,86,136645,84.82718393256923,135014.14384378714,492,743166,490.8271839325691,741535.1438437873,86,136645,84.82718393256923,135014.14384378714,492,743166,490.8271839325691,741535.1438437873
2803,33419.392519346264,1516.9551244609518,117,150651,113.01463539888091,145915.50760882985,550,735166,546.0146353988811,730430.5076088298,126,165520,115.2897682864904,150501.72230601803,559,750035,548.2897682864906,735016.722306018
2802,41274.3633639438,1758.1679906587583,90,124087,88.42013001592694,120094.86350799582,606,747471,604.4201300159268,743478.8635079955,101,137834,91.15826062515232,123631.15050315794,617,761218,607.1582606251524,747015.1505031576
2804,21111.71814163974,905.0753723752271,66,93638,62.480384041682534,90085.01411000136,498,726812,494.48038404168244,723259.0141100012,84,111075,67.75310694320977,96153.69977306276,516,744249,499.7531069432097,729327.6997730626
