geoid,carea,cperim,dperim_0.5,dpperim_0.5,dperim_pro_0.5,dpperim_pro_0.5,darea_0.5,dparea_0.5,darea_pro_0.5,dparea_pro_0.5,dperim_0.1,dpperim_0.1,dperim_pro_0.1,dpperim_pro_0.1,darea_0.1,dparea_0.1,darea_pro_0.1,dparea_pro_0.1
1198,176.99279137245296,67.0345137546694,40,142467,39.999609535615136,142465.8055950078,179,601723,178.99960953561515,601721.8055950078,40,142467,39.999609535615136,142465.8055950078,179,601723,178.99960953561515,601721.8055950078
