geoid,carea,cperim,dperim_0.5,dpperim_0.5,dperim_pro_0.5,dpperim_pro_0.5,darea_0.5,dparea_0.5,darea_pro_0.5,dparea_pro_0.5,dperim_0.1,dpperim_0.1,dperim_pro_0.1,dpperim_pro_0.1,darea_0.1,dparea_0.1,darea_pro_0.1,dparea_pro_0.1
5000,24908.462174780907,923.9786352225889,89,99848,88.999999565361,99847.99951073084,522,625741,521.9999995653609,625740.9995107307,89,99848,88.999999565361,99847.99951073084,522,625741,521.9999995653609,625740.9995107307
