geoid,carea,cperim,dperim_0.5,dpperim_0.5,dperim_pro_0.5,dpperim_pro_0.5,darea_0.5,dparea_0.5,darea_pro_0.5,dparea_pro_0.5,dperim_0.1,dpperim_0.1,dperim_pro_0.1,dpperim_pro_0.1,darea_0.1,dparea_0.1,darea_pro_0.1,dparea_pro_0.1
1000,6440.902619700787,419.99727290883266,37,169168,36.999999133161324,169167.99808631657,218,897934,217.9999991331613,897933.9980863166,37,169168,36.999999133161324,169167.99808631657,218,897934,217.9999991331613,897933.9980863166
