geoid,carea,cperim,dperim_0.5,dpperim_0.5,dperim_pro_0.5,dpperim_pro_0.5,darea_0.5,dparea_0.5,darea_pro_0.5,dparea_pro_0.5,dperim_0.1,dpperim_0.1,dperim_pro_0.1,dpperim_pro_0.1,darea_0.1,dparea_0.1,darea_pro_0.1,dparea_pro_0.1
4600,199766.1813459212,2121.516389142716,78,92991,77.99999937851562,92990.9992891882,654,814180,653.9999993785158,814179.9992891884,78,92991,77.99999937851562,92990.9992891882,654,814180,653.9999993785158,814179.9992891884
