geoid,carea,cperim,dperim_0.5,dpperim_0.5,dperim_pro_0.5,dpperim_pro_0.5,darea_0.5,dparea_0.5,darea_pro_0.5,dparea_pro_0.5,dperim_0.1,dpperim_0.1,dperim_pro_0.1,dpperim_pro_0.1,darea_0.1,dparea_0.1,darea_pro_0.1,dparea_pro_0.1
0405,761.8975889619812,135.72328781327155,78,121401,77.3658463274926,120490.12500290033,424,710445,423.3658463274926,709534.1250029004,78,121401,77.3658463274926,120490.12500290033,424,710445,423.3658463274926,709534.1250029004
0406,1628.7926084494866,254.10537249515514,66,98752,64.05480201017056,95655.42782988884,511,710883,509.0548020101706,707786.427829889,74,109759,66.01232772073583,97984.30389018808,519,721890,511.0123277207358,710115.3038901882
0407,531.9770094388333,126.18988584490886,80,117467,79.57808449819237,117000.60408208476,443,707804,442.57808449819237,707337.6040820847,83,123192,80.71063772496635,119139.25390224728,446,713529,443.7106377249664,709476.2539022472
0403,40635.35598346699,1400.2695347733827,120,213148,116.46681462151686,207652.78326025035,426,707734,422.4668146215168,702238.7832602505,135,237400,120.41127144897912,214053.91953516452,441,731986,426.41127144897905,708639.9195351646
0401,142829.58862412666,2965.2679085237796,86,131976,81.62932090095183,125378.74547370714,479,715992,474.629320900952,709394.745473707,100,159886,85.85559260572974,134634.84639135565,493,743902,478.8555926057299,718650.8463913554
0408,1401.025918900503,295.73285330391366,74,138371,71.45759688995427,133333.9556730857,480,709723,477.45759688995446,704685.9556730858,82,153382,73.89541559949875,138004.4962540119,488,724734,479.8954155994989,709356.496254012
0404,86525.52431941329,2995.411373863874,108,171546,105.38285298694665,164916.0971880478,402,700206,399.38285298694666,693576.097188048,124,202231,110.39820479175724,173332.71570019846,418,730891,404.39820479175717,701992.7157001985
0402,20429.89174371887,723.7306286445885,68,112507,62.43440825881018,103681.22506790434,505,714126,499.43440825881027,705300.2250679042,80,132068,65.30517416474314,108211.30068743177,517,733687,502.30517416474316,709830.3006874318
0409,429.97101331384783,186.00784965856002,137,199558,134.6885775865292,196463.33559226277,507,712460,504.6885775865291,709365.3355922627,139,201462,135.2894798069717,197040.7979837824,509,714364,505.2894798069716,709942.7979837822
