geoid,carea,cperim,dperim_0.5,dpperim_0.5,dperim_pro_0.5,dpperim_pro_0.5,darea_0.5,dparea_0.5,darea_pro_0.5,dparea_pro_0.5,dperim_0.1,dpperim_0.1,dperim_pro_0.1,dpperim_pro_0.1,darea_0.1,dparea_0.1,darea_pro_0.1,dparea_pro_0.1
3000,381185.91260236123,3154.889125644687,60,60165,59.99999924943797,60164.99920663881,842,989415,841.9999992494381,989414.999206639,60,60165,59.99999924943797,60164.99920663881,842,989415,841.9999992494381,989414.999206639
