geoid,carea,cperim,dperim_0.5,dpperim_0.5,dperim_pro_0.5,dpperim_pro_0.5,darea_0.5,dparea_0.5,darea_pro_0.5,dparea_pro_0.5,dperim_0.1,dpperim_0.1,dperim_pro_0.1,dpperim_pro_0.1,darea_0.1,dparea_0.1,darea_pro_0.1,dparea_pro_0.1
2004,37255.09712193559,1077.3443597524008,24,71891,23.999998920790865,71890.99492150507,182,712939,181.99999892079086,712938.9949215051,25,73516,24.22195113246889,72251.66726548187,183,714564,182.22195113246892,713299.6672654819
2003,1994.1660725298711,234.08514706011874,26,92564,25.933406884493312,92269.99522517459,202,708899,201.9334068844933,708604.9952251746,27,96688,26.26938507242248,93655.56927219448,203,713023,202.26938507242247,709990.5692721945
2001,136648.1824065879,2012.7900879211272,46,134195,45.16001181945867,131859.56524757596,201,714684,200.16001181945862,712348.565247576,46,134195,45.16001181945867,131859.56524757596,201,714684,200.16001181945862,712348.565247576
2002,37173.950221060324,1155.6247282171994,58,223467,57.49609800798322,221494.17911668893,185,716596,184.49609800798322,714623.1791166889,60,229401,58.11413241422369,223468.9375845566,187,722530,185.1141324142237,716597.9375845566
