geoid,carea,cperim,dperim_0.5,dpperim_0.5,dperim_pro_0.5,dpperim_pro_0.5,darea_0.5,dparea_0.5,darea_pro_0.5,dparea_pro_0.5,dperim_0.1,dpperim_0.1,dperim_pro_0.1,dpperim_pro_0.1,darea_0.1,dparea_0.1,darea_pro_0.1,dparea_pro_0.1
1904,59193.48248637665,1317.0316510192351,89,86643,88.99999591209931,86642.99694732593,755,761571,754.9999959120994,761570.996947326,89,86643,88.99999591209931,86642.99694732593,755,761571,754.9999959120994,761570.996947326
1902,32173.18836225576,1083.7433648160647,117,130082,116.99999374505856,130081.99374283275,640,761624,639.9999937450584,761623.9937428328,117,130082,116.99999374505856,130081.99374283275,640,761624,639.9999937450584,761623.9937428328
1903,22912.417499227846,770.5075199585677,64,70577,63.9999963759384,70576.99687657492,599,761612,598.9999963759384,761611.9968765752,64,70577,63.9999963759384,70576.99687657492,599,761612,598.9999963759384,761611.9968765752
1901,31418.555794732696,1160.9806490572562,105,104663,104.92062490030098,104589.35224471996,636,761548,635.9206249003008,761474.35224472,105,104663,104.92062490030098,104589.35224471996,636,761548,635.9206249003008,761474.35224472
