geoid,carea,cperim,dperim_0.5,dpperim_0.5,dperim_pro_0.5,dpperim_pro_0.5,darea_0.5,dparea_0.5,darea_pro_0.5,dparea_pro_0.5,dperim_0.1,dpperim_0.1,dperim_pro_0.1,dpperim_pro_0.1,darea_0.1,dparea_0.1,darea_pro_0.1,dparea_pro_0.1
1198,176.99279137245296,67.0345137546694,62,88264,61.99831582823674,88262.7044531268,450,601723,449.99831582823674,601721.7044531266,62,88264,61.99831582823674,88262.7044531268,450,601723,449.99831582823674,601721.7044531266
