geoid,carea,cperim,dperim_0.5,dpperim_0.5,dperim_pro_0.5,dpperim_pro_0.5,darea_0.5,dparea_0.5,darea_pro_0.5,dparea_pro_0.5,dperim_0.1,dpperim_0.1,dperim_pro_0.1,dpperim_pro_0.1,darea_0.1,dparea_0.1,darea_pro_0.1,dparea_pro_0.1
5000,24908.462174780907,923.9786352225889,53,183296,52.99999985867186,183295.99954522928,184,625741,183.99999985867186,625740.9995452294,53,183296,52.99999985867186,183295.99954522928,184,625741,183.99999985867186,625740.9995452294
