geoid,carea,cperim,dperim_0.5,dpperim_0.5,dperim_pro_0.5,dpperim_pro_0.5,darea_0.5,dparea_0.5,darea_pro_0.5,dparea_pro_0.5,dperim_0.1,dpperim_0.1,dperim_pro_0.1,dpperim_pro_0.1,darea_0.1,dparea_0.1,darea_pro_0.1,dparea_pro_0.1
2702,6553.00480955115,504.9858858977979,66,99988,65.45399942900819,98670.36515450235,383,662444,382.45399942900815,661126.3651545022,67,101965,65.87507477416159,99502.8311118706,384,664421,382.8750747741616,661958.8311118705
2706,7864.071722775294,660.7989057237162,101,187660,100.74533569918894,187346.1457332484,388,659384,387.74533569918896,659070.1457332483,104,193871,101.47620911838608,188985.21075908095,391,665595,388.4762091183862,660709.2107590808
2703,1508.6860564772676,260.72922458056934,100,145747,99.61388180725938,145191.72162505126,473,664206,472.61388180725936,663650.7216250513,100,145747,99.61388180725938,145191.72162505126,473,664206,472.61388180725936,663650.7216250513
2705,367.8037191737575,113.23013170009067,90,105406,89.99742281096685,105402.63720656815,626,662883,625.9974228109668,662879.637206568,91,106880,90.12189403374212,105586.10778893891,627,664357,626.121894033742,663063.1077889388
2707,91653.8290557667,2286.442575065783,126,134766,123.85299535178055,131051.80344728292,613,662792,610.8529953517802,659077.803447283,131,141751,125.13994157163518,132958.28018409407,618,669777,612.1399415716347,660984.2801840941
2704,945.0427345548383,144.94669297638265,54,77109,53.96386675967253,77042.1544592574,492,662728,491.96386675967256,662661.1544592574,56,82378,54.42463347394389,78211.36412934399,494,667997,492.4246334739439,663830.364129344
2708,84682.2523121422,1751.0647133672999,91,114843,89.92889945574139,113129.67998255575,587,664636,585.9288994557415,662922.6799825558,95,121439,91.03221973111373,114950.94328721477,591,671232,587.032219731114,664743.9432872147
2701,31539.45071491714,1106.7857052734876,81,85635,80.12523818930096,84360.2104079579,549,664852,548.125238189301,663577.210407958,82,86323,80.43216760871091,84571.37784851194,550,665540,548.432167608711,663788.3778485121
