geoid,carea,cperim,dperim_0.5,dpperim_0.5,dperim_pro_0.5,dpperim_pro_0.5,darea_0.5,dparea_0.5,darea_pro_0.5,dparea_pro_0.5,dperim_0.1,dpperim_0.1,dperim_pro_0.1,dpperim_pro_0.1,darea_0.1,dparea_0.1,darea_pro_0.1,dparea_pro_0.1
1501,997.6584378661706,178.23150465767543,29,129460,28.987484297356527,129415.53837360724,178,680026,177.98748429735656,679981.5383736073,31,137692,29.440795844815817,130450.59906681598,180,688258,178.44079584481585,681016.599066816
1502,27472.635500668996,2268.0115155995836,41,67794,40.39307242351361,66277.06140446519,173,680275,172.39307242351362,678758.0614044652,41,67794,40.39307242351361,66277.06140446519,173,680275,172.39307242351362,678758.0614044652
