geoid,carea,cperim,dperim_0.5,dpperim_0.5,dperim_pro_0.5,dpperim_pro_0.5,darea_0.5,dparea_0.5,darea_pro_0.5,dparea_pro_0.5,dperim_0.1,dpperim_0.1,dperim_pro_0.1,dpperim_pro_0.1,darea_0.1,dparea_0.1,darea_pro_0.1,dparea_pro_0.1
0200,1732841.186413411,18344.90942048193,34,101972,33.99999999999999,101971.99999999999,167,710231,167.0,710231.0,34,101972,33.99999999999999,101971.99999999999,167,710231,167.0,710231.0
