geoid,carea,cperim,dperim_0.5,dpperim_0.5,dperim_pro_0.5,dpperim_pro_0.5,darea_0.5,dparea_0.5,darea_pro_0.5,dparea_pro_0.5,dperim_0.1,dpperim_0.1,dperim_pro_0.1,dpperim_pro_0.1,darea_0.1,dparea_0.1,darea_pro_0.1,dparea_pro_0.1
3202,145870.98556123857,1776.5527612680735,35,34179,34.382313482312654,33559.88321079132,493,677011,492.38231348231267,676391.8832107913,35,34179,34.382313482312654,33559.88321079132,493,677011,492.38231348231267,676391.8832107913
3203,7481.112898390834,476.8503248159014,46,93969,44.53613169764213,89435.64572832323,397,677948,395.53613169764213,673414.645728323,52,110088,46.004554886219005,93202.60328752668,403,694067,397.004554886219,677181.6032875266
3201,270.6536039082309,76.5860822886968,75,113031,73.25097326982032,110821.70637032326,506,667856,504.25097326982035,665646.7063703232,82,128233,75.36464809349208,115643.89850558333,513,683058,506.3646480934921,670468.8985055834
3204,132676.7711555871,1795.7292846032165,74,105615,72.45388219382004,102327.8970162889,440,677736,438.4538821938201,674448.897016289,78,109655,73.71188301581381,103686.98612493729,444,681776,439.71188301581384,675807.9861249374
