geoid,carea,cperim,dperim_0.5,dpperim_0.5,dperim_pro_0.5,dpperim_pro_0.5,darea_0.5,dparea_0.5,darea_pro_0.5,dparea_pro_0.5,dperim_0.1,dpperim_0.1,dperim_pro_0.1,dpperim_pro_0.1,darea_0.1,dparea_0.1,darea_pro_0.1,dparea_pro_0.1
4101,8551.936520800504,618.5025960842257,47,201765,46.17226490417839,197003.61563859243,157,767694,156.17226490417838,762932.6156385924,50,212007,46.967342500324044,199500.24587774617,160,777936,156.96734250032407,765429.2458777461
4104,46934.4007839837,1208.8285358772096,30,109304,29.36497793352032,106433.6969484396,176,771365,175.36497793352032,768494.6969484395,31,114102,29.495217679523503,107058.58724976287,177,776163,175.4952176795235,769119.5872497627
4102,181878.9999677481,2164.517920228597,49,201118,48.81142645868422,200079.66143088555,166,762549,165.81142645868425,761510.6614308854,51,210375,49.35120416053652,202559.84429889105,168,771806,166.35120416053655,763990.844298891
4105,14637.936004867619,1118.7322061172615,48,220268,46.478904255304116,213795.46826885987,160,759047,158.47890425530414,752574.4682688599,55,250886,48.48848464750664,222298.10207910617,167,789665,160.48848464750665,761077.1020791063
4103,2863.7832354320108,386.6089268646031,42,180350,39.09861406748338,168858.97142471152,175,770419,172.0986140674834,758927.9714247114,48,208461,41.120338350483955,179042.8170240062,181,798530,174.12033835048393,769111.817024006
