geoid,carea,cperim,dperim_0.5,dpperim_0.5,dperim_pro_0.5,dpperim_pro_0.5,darea_0.5,dparea_0.5,darea_pro_0.5,dparea_pro_0.5,dperim_0.1,dpperim_0.1,dperim_pro_0.1,dpperim_pro_0.1,darea_0.1,dparea_0.1,darea_pro_0.1,dparea_pro_0.1
5600,253570.05292638508,2031.6958970224225,27,125395,26.999999684820025,125394.99780876745,132,563626,131.99999968482004,563625.9978087675,27,125395,26.999999684820025,125394.99780876745,132,563626,131.99999968482004,563625.9978087675
