geoid,carea,cperim,dperim_0.5,dpperim_0.5,dperim_pro_0.5,dpperim_pro_0.5,darea_0.5,dparea_0.5,darea_pro_0.5,dparea_pro_0.5,dperim_0.1,dpperim_0.1,dperim_pro_0.1,dpperim_pro_0.1,darea_0.1,dparea_0.1,darea_pro_0.1,dparea_pro_0.1
4103,2863.7832354320108,386.6089268646031,70,113965,66.76322700432904,107683.19010502403,538,770160,534.7632270043291,763878.190105024,81,132482,69.46071564913703,112049.49859001377,549,788677,537.4607156491371,768244.4985900137
4102,181878.9999677481,2164.517920228597,90,107278,89.64283261490216,106651.23613355485,571,765205,570.6428326149022,764578.2361335547,91,109969,89.7955382562035,107062.16701429675,572,767896,570.7955382562035,764989.1670142966
4104,46934.4007839837,1208.8285358772096,48,52524,47.84628960257376,52111.63851919728,586,766771,585.846289602574,766358.6385191972,50,56265,48.61062626426782,53552.524830053175,588,770512,586.6106262642679,767799.5248300532
4101,8551.936520800504,618.5025960842257,72,101306,71.54339146100483,100601.34484623608,462,763897,461.5433914610048,763192.344846236,75,108601,72.65050224559626,103248.11084852378,465,771192,462.6505022455962,765839.1108485237
4105,14637.936004867619,1118.7322061172615,82,119289,78.97271753785158,114329.95544945012,477,765041,473.9727175378516,760081.9554494502,91,132812,80.97320529837296,117677.54793751353,486,778564,475.97320529837305,763429.5479375137
