geoid,carea,cperim,dperim_0.5,dpperim_0.5,dperim_pro_0.5,dpperim_pro_0.5,darea_0.5,dparea_0.5,darea_pro_0.5,dparea_pro_0.5,dperim_0.1,dpperim_0.1,dperim_pro_0.1,dpperim_pro_0.1,darea_0.1,dparea_0.1,darea_pro_0.1,dparea_pro_0.1
3503,116759.88931467982,1965.1495676967468,80,121937,76.02334217492916,113455.52574139839,496,688913,492.0233421749293,680431.5257413986,88,138203,78.44628165430515,118493.70115490124,504,705179,494.4462816543053,685469.7011549015
3501,11926.025101066998,751.926833608586,47,82243,44.434369983475264,76559.3113332574,455,681661,452.43436998347534,675977.3113332574,60,111412,48.018954355262395,84917.29587048646,468,710830,456.0189543552625,684335.2958704864
3502,186262.5103776361,2410.1957547020083,62,99402,59.53546747415527,95933.68379368355,498,688605,495.5354674741553,685136.6837936838,70,110711,62.18343898088212,99659.13114995406,506,699914,498.18343898088216,688862.1311499543
