geoid,carea,cperim,dperim_0.5,dpperim_0.5,dperim_pro_0.5,dpperim_pro_0.5,darea_0.5,dparea_0.5,darea_pro_0.5,dparea_pro_0.5,dperim_0.1,dpperim_0.1,dperim_pro_0.1,dpperim_pro_0.1,darea_0.1,dparea_0.1,darea_pro_0.1,dparea_pro_0.1
2406,5156.019270044424,927.4891951998205,81,375130,76.93417841130073,355751.43393131933,166,735117,161.93417841130073,715738.4339313194,90,413991,79.51599319774209,367048.2068157376,175,773978,164.51599319774206,727035.2068157378
2408,2251.7817144627443,583.8993685193651,89,380176,85.00172300518946,362482.4603531172,173,710581,169.00172300518938,692887.4603531173,106,458801,90.8917364823544,389507.3388066199,190,789206,174.89173648235433,719912.33880662
2404,819.3830786394682,330.83875642782726,90,391716,85.1638761915989,364386.47499406425,173,721007,168.1638761915989,693677.4749940641,101,444103,88.53926540308889,381038.78253644553,184,773394,171.53926540308888,710329.7825364453
2405,5905.161360210978,487.8038508300898,44,201457,41.02909695769589,185963.97017785834,156,728601,153.02909695769588,713107.9701778583,55,248525,44.21148520339564,200420.8719070741,167,775669,156.2114852033956,727564.871907074
2403,1040.6435921821571,631.2077611442088,133,545456,119.71993537415541,497109.4860807356,174,698238,160.7199353741554,649891.4860807357,172,718916,132.57796331884802,553694.2429863408,213,871698,173.57796331884808,706476.2429863407
2401,14327.54672394992,1057.3972291866778,77,322522,73.00751926640343,305484.1853472618,178,733457,174.00751926640348,716419.1853472617,84,353536,75.19690767149757,315006.39681967086,185,764471,176.1969076714976,725941.3968196708
2407,1278.9932377193136,426.3276948847498,78,303758,71.96120004780455,277813.8048089195,200,713171,193.9612000478045,687226.8048089197,101,391479,79.52557257133151,305543.54450749786,223,800892,201.52557257133142,714956.5445074982
2402,1343.5940856152463,514.8390743566516,105,442245,95.29758011871515,404114.7414764418,182,714759,172.29758011871516,676628.7414764421,143,597173,107.2863203627845,453417.3863346889,220,869687,184.28632036278452,725931.3863346893
