geoid,carea,cperim,dperim_0.5,dpperim_0.5,dperim_pro_0.5,dpperim_pro_0.5,darea_0.5,dparea_0.5,darea_pro_0.5,dparea_pro_0.5,dperim_0.1,dpperim_0.1,dperim_pro_0.1,dpperim_pro_0.1,darea_0.1,dparea_0.1,darea_pro_0.1,dparea_pro_0.1
3800,183125.90201566368,2115.4648909355988,54,161930,53.99999944958687,161929.99825437486,205,672591,204.9999994495869,672590.998254375,54,161930,53.99999944958687,161929.99825437486,205,672591,204.9999994495869,672590.998254375
