geoid,carea,cperim,dperim_0.5,dpperim_0.5,dperim_pro_0.5,dpperim_pro_0.5,darea_0.5,dparea_0.5,darea_pro_0.5,dparea_pro_0.5,dperim_0.1,dpperim_0.1,dperim_pro_0.1,dpperim_pro_0.1,darea_0.1,dparea_0.1,darea_pro_0.1,dparea_pro_0.1
4600,199766.1813459212,2121.516389142716,52,183228,51.99999980913877,183227.9993178149,222,814180,221.99999980913876,814179.9993178151,52,183228,51.99999980913877,183227.9993178149,222,814180,221.99999980913876,814179.9993178151
