geoid,carea,cperim,dperim_0.5,dpperim_0.5,dperim_pro_0.5,dpperim_pro_0.5,darea_0.5,dparea_0.5,darea_pro_0.5,dparea_pro_0.5,dperim_0.1,dpperim_0.1,dperim_pro_0.1,dpperim_pro_0.1,darea_0.1,dparea_0.1,darea_pro_0.1,dparea_pro_0.1
2302,78336.5728706681,1840.051868294825,55,178351,54.701092705257444,176429.02608797423,202,665365,201.70109270525745,663443.0260879743,55,178351,54.701092705257444,176429.02608797423,202,665365,201.70109270525745,663443.0260879743
2301,13237.892489840548,979.8422153617026,43,176843,42.959780009127336,176555.12658369556,156,662996,155.95978000912734,662708.1265836956,44,183273,43.25868723319755,178477.10003446703,157,669426,156.25868723319755,664630.1000344671
