geoid,carea,cperim,dperim_0.5,dpperim_0.5,dperim_pro_0.5,dpperim_pro_0.5,darea_0.5,dparea_0.5,darea_pro_0.5,dparea_pro_0.5,dperim_0.1,dpperim_0.1,dperim_pro_0.1,dpperim_pro_0.1,darea_0.1,dparea_0.1,darea_pro_0.1,dparea_pro_0.1
5402,20884.167285865547,1659.7634828355517,65,297147,64.99999706692803,297146.9861385721,145,620862,144.9999970669281,620861.9861385722,65,297147,64.99999706692803,297146.9861385721,145,620862,144.9999970669281,620861.9861385722
5401,16420.161367622182,1216.0086392916955,76,280188,75.99999638086393,280187.9902489683,177,615991,176.999996380864,615990.9902489681,76,280188,75.99999638086393,280187.9902489683,177,615991,176.999996380864,615990.9902489681
5403,25415.28618163175,1335.1778656169413,65,249348,64.99997134793541,249347.89004031065,162,616141,161.99997134793546,616140.8900403106,65,249348,64.99997134793541,249347.89004031065,162,616141,161.99997134793546,616140.8900403106
