geoid,carea,cperim,dperim_0.5,dpperim_0.5,dperim_pro_0.5,dpperim_pro_0.5,darea_0.5,dparea_0.5,darea_pro_0.5,dparea_pro_0.5,dperim_0.1,dpperim_0.1,dperim_pro_0.1,dpperim_pro_0.1,darea_0.1,dparea_0.1,darea_pro_0.1,dparea_pro_0.1
0101,17977.7789567485,1180.5555986344268,33,137783,32.56074044420874,136248.64462515517,169,677718,168.56074044420873,676183.6446251553,36,148790,33.382535702749394,139415.39014361834,172,688725,169.3825357027494,679350.3901436185
0107,26617.066573594715,1596.0166602916797,92,337233,86.34095084774218,315245.72140450205,199,682001,193.34095084774216,660013.721404502,106,402896,90.04968330039702,332610.2244770072,213,747664,197.04968330039705,677378.2244770073
0106,10971.185234984854,1001.0043526173307,64,317622,61.32345710828267,301891.07421907876,147,682931,144.32345710828275,667200.074219079,80,387287,65.32574911930236,318618.481119351,163,752596,148.32574911930243,683927.4811193511
0105,9981.996661640982,675.0013563513918,39,195183,38.917902947187464,194604.28499901146,149,683019,148.91790294718746,682440.2849990116,39,195183,38.917902947187464,194604.28499901146,149,683019,148.91790294718746,682440.2849990116
0103,20001.238338312694,1062.7812334146693,60,261717,59.17345322211538,256649.03628527207,166,684195,165.17345322211534,679127.0362852723,63,272529,60.127319625079934,260378.94831364384,169,695007,166.1273196250799,682856.948313644
0104,23576.159457615744,1285.8500517976522,74,315458,72.78644041446509,310175.8536865071,168,689905,166.78644041446506,684622.8536865072,75,320727,73.25963464506384,312669.1140875319,169,695174,167.2596346450638,687116.114087532
0102,26559.162900776948,1221.3423094444643,58,216123,56.24605929863682,210277.7254286599,183,679967,181.24605929863682,674121.7254286597,63,238153,58.10478687164377,218302.5121551327,188,701997,183.1047868716438,682146.5121551324
